,Tweet,URL,Date,user_id,Replies,Retweets,Likes,Tweet Content,Main language use
0,0,https://twitter.com/TGTM_Official/status/1500644688743006208,2022-03-07,1500639956737597442,0,4,18,1ï¼‰åœ¨ç¿»è¯‘ç›®æ ‡è¨€è®ºçš„é€‰æ‹©ä¸Šï¼Œåº”æŒ‘é€‰æœ‰å½±å“åŠ›çš„è¨€è®ºï¼Œæ¯”å¦‚å¾®åšæ•°ä¸‡è½¬ã€èµï¼ŒçŸ¥ä¹æ•°ä¸‡èµä»¥ä¸Šã€‚å•çº¯åªæ˜¯è¨€è®ºæç«¯æˆ‘è®¤ä¸ºæ²¡ä»€ä¹ˆä»·å€¼ï¼Œè¿™äº›è¨€è®ºä¸ä»…åœ¨å›½å†…é“ºå¤©ç›–åœ°ï¼Œå³ä½¿åœ¨æ­£å¸¸è¿‡åº¦ï¼Œæç«¯è¨€è®ºä¹Ÿæ€»æ˜¯æœ‰ä¸€å®šæ¯”ä¾‹çš„å­˜åœ¨ã€‚,1
1,1,https://twitter.com/TGTM_Official/status/1500644955815301124,2022-03-07,1500639956737597442,0,5,16,2ï¼‰å¦‚æœè¿™äº›è¨€è®ºæ²¡æœ‰å¾—åˆ°å·¨é‡çš„èµåŒå°±ç¿»è¯‘ç»™å›½é™…ç¤¾ä¼šæ›å…‰ï¼Œæ­£å¸¸äººçœ‹äº†åªä¼šè§‰å¾—å‘è¡¨è¿™ä¸ªè¨€è®ºçš„ä¸ªäººä¸æ­£å¸¸è€Œå·²â€”â€”è¿™ç§äººå“ªé‡Œéƒ½æœ‰çš„â€”â€”è€Œä¸ä¼šä¸Šå‡åˆ°å¯¹æ•´ä¸ªå›½å®¶çš„çœ‹æ³•ã€‚è¿™æ ·çš„ç¿»è¯‘å¤šäº†çš„è¯å¾ˆå¯èƒ½åªä¼šèµ·åˆ°åä½œç”¨ã€‚,1
2,2,https://twitter.com/TGTM_Official/status/1500645225324490754,2022-03-07,1500639956737597442,1,4,12,3ï¼‰ä¸ä¼šå¤–æ–‡åªä¼šä¸­æ–‡çš„è¯ï¼Œå¸Œæœ›ä½ ä»¬å°†è‡ªå·±å‘ç°çš„æœ‰è¶£çš„å›¾ç‰‡ æ–‡å­—æ‰“ä¸Šæ ‡ç­¾å‘æ¨ï¼Œè½¬å‘å·²ç»ç¿»è¯‘å¥½çš„å›¾ç‰‡æ–‡å­—ã€‚  å¦‚æœä½ æ²¡æ—¶é—´ï¼Œåˆä¸æ‡‚è¯­è¨€ç¿»è¯‘ï¼Œå¦‚ä½•å‚ä¸è¿™é¡¹è¿åŠ¨å‘¢ï¼Ÿ  è½¬å‘ï¼Œç‚¹è¿›æ ‡ç­¾é‡Œï¼Œçœ‹çœ‹æœ‰æ²¡æœ‰åˆæ„çš„æ¨æ–‡ï¼Œç²˜è´´åˆ°å„å›½ä¸»æµåª’ä½“ä¸‹é¢,1
3,3,https://twitter.com/TGTM_Official/status/1500645286808801280,2022-03-07,1500639956737597442,5,6,33,4ï¼‰å¦‚æœä½ åœ¨å¢™å†…æœ‰äººèº«é¡¾è™‘ï¼Œä½ å¯ä»¥é€šè¿‡å‚ä¸#å¤§ä¸¾æŠ¥è¿åŠ¨ï¼Œä¸¾æŠ¥ç²‰è›†è§†é¢‘ï¼Œæ–‡å­—ï¼Œåœ¨å¢™å†…åŒæ­¥çŒæ€ç²‰è›†,1
4,4,https://twitter.com/TGTM_Official/status/1500726030801145856,2022-03-07,1500639956737597442,1,12,29,Chinese women expressing their love over #Putin   #ChinaSocialMedia #å¤§ç¿»è¯‘è¿åŠ¨  #TheGreatTranslationMovement #å‰å¤§ãªç¿»è¨³é‹å‹•  #Grandmouvementdetraduction  https://t.co/ddOPMh5aGf,2
5,5,https://twitter.com/TGTM_Official/status/1500753371455655937,2022-03-07,1500639956737597442,4,13,26,Original news  https://t.co/xp470LsP1b,2
6,6,https://twitter.com/TGTM_Official/status/1500836268132888578,2022-03-07,1500639956737597442,0,1,2,@unkpuri æ˜¯çš„ï¼Œä¸‹æ¬¡æœ‰æ—¥æœ¬æ¯”è¾ƒé›†ä¸­è®¨è®ºçš„è¶‹åŠ¿æ—¶ï¼Œæˆ‘ä¼šæ‰¾åœ°æ–¹å‘,1
7,7,https://twitter.com/TGTM_Official/status/1501041538259816452,2022-03-08,1500639956737597442,2,11,32,"If two doses of #Sinovac #vaccine are vaccinated at 180,000 CNY, 200 trillion CNY will be spent at #China vaccination rate. Is this money paid for by #XiJinping personally? If you can, please give me money and stop giving me injections. #TheGreatTranslationMovement  #COVID19  https://t.co/ii28smI5qx",2
8,8,https://twitter.com/TGTM_Official/status/1501082357352173569,2022-03-08,1500639956737597442,0,8,16,"This translation is quite interesting. In the cognition of extremists, those who guard their homes are extreme, while those who are extremely aggressive are kind. #Chinazi",2
9,9,https://twitter.com/TGTM_Official/status/1501098051095515136,2022-03-08,1500639956737597442,8,30,67,A sneak peak of China propaganda in schools.  #ThisIsChina #ChinaExposed #TheGreatTranslationMovement #å¤§ç¿»è¯‘è¿åŠ¨  https://t.co/iXUGfXlKVf,2
10,10,https://twitter.com/TGTM_Official/status/1501105052609507330,2022-03-08,1500639956737597442,0,7,28,"Human trafficking is a crime against humanity. Voice from victims might be censored in China, but will never be forgotten.   #InternationalWomensDay #IWD22  #TheGreatTranslationMovement #å¤§ç¿»è¯‘è¿åŠ¨  https://t.co/nlR4Ssawd4",2
11,11,https://twitter.com/TGTM_Official/status/1501376506274062337,2022-03-09,1500639956737597442,50,174,415,"Primary school kid commenting on #RussiaUkraineWar ""Russia took only 2 hours to destroy the entire Ukraine army"" ""US wants to have Ukraine as an ally because of its nuclear weapon"" @serpentza @sjoerddendaas @ArthurKei_UA  #TheGreatTranslationMovement #å¤§ç¿»è¯‘è¿åŠ¨  https://t.co/aY73YplHVP",2
12,12,https://twitter.com/TGTM_Official/status/1501409765976510470,2022-03-09,1500639956737597442,2,3,6,"@christogrozev Meanwhile, primary school kids in China still think Russia is winning the war.  #TheGreatTranslationMovement  https://t.co/4voL5tah0K",2
13,13,https://twitter.com/TGTM_Official/status/1501410217052889090,2022-03-09,1500639956737597442,1,1,7,@PiotrTrebisz @serpentza @sjoerddendaas @ArthurKei_UA Well... They are gonna the learn it the hard way,2
14,14,https://twitter.com/TGTM_Official/status/1501413019242283009,2022-03-09,1500639956737597442,2,1,5,"@PiotrTrebisz @serpentza @sjoerddendaas @ArthurKei_UA Chinese state media purposely missed it out when talking about the background of this war. Instead, they emphasise a lot on Azov Battalion, leading the conversation towards 'denazinization' as per Putin.",2
15,15,https://twitter.com/TGTM_Official/status/1501416954405416961,2022-03-09,1500639956737597442,1,1,5,"@PiotrTrebisz @serpentza @sjoerddendaas @ArthurKei_UA Hey it is not gonna work. As you might aware, China social media is heavily censored and monitored in real time. At this point, any negative opinion on Russia will be found and deleted.",2
16,16,https://twitter.com/TGTM_Official/status/1501419371553431557,2022-03-09,1500639956737597442,0,1,4,@PiotrTrebisz @serpentza @sjoerddendaas @ArthurKei_UA You try asking on reddit r/China. Lots of Chinese language users over there. Right now our team don't do translation to Chinese due to limited bandwidth.,2
17,17,https://twitter.com/TGTM_Official/status/1501420337954639873,2022-03-09,1500639956737597442,0,3,8,@uamemesforces Chinese: #TheGreatTranslationMovement  https://t.co/eeAOHuh1E2,2
18,18,https://twitter.com/TGTM_Official/status/1501477264210366466,2022-03-09,1500639956737597442,2,12,31,"(3/3) Here is the BBC report about Xuzhou mother who gave birth to 8 children, and chained. She is likely a victim of human trafficking.   https://t.co/z38gA30gx8  @StephenMcDonell @serpentza @sjoerddendaas   #TheGreatTranslationMovement  #å¤§ç¿»è¯‘è¿åŠ¨",2
19,19,https://twitter.com/TGTM_Official/status/1501495683043323905,2022-03-09,1500639956737597442,3,2,26,"@DaoHeShen @serpentza @sjoerddendaas @ArthurKei_UA You are right. But Chinese state media purposely missed it out when talking about the background of this war. Instead, they emphasise a lot on Azov Battalion, leading the conversation towards 'denazinization' as per Putin.",2
20,20,https://twitter.com/TGTM_Official/status/1501748715622572032,2022-03-10,1500639956737597442,0,1,4,@serpentza @StephenMcDonell @sjoerddendaas That's great!!! Do reach out to us if you would like to know more about the whole story (and it is quite complicated...),2
21,21,https://twitter.com/TGTM_Official/status/1501751810477809665,2022-03-10,1500639956737597442,21,99,219,A glimpse inside how Putin is being idolised on Chinese Tiktok (Douyin) 'We. China. Are here for you. Hang in there.'  @serpentza @ArthurKei_UA @sjoerddendaas @StephenMcDonell @badiucao  #TheGreatTranslationMovement #å¤§ç¿»è¯‘è¿åŠ¨  https://t.co/hqVKvRjlQY,2
22,22,https://twitter.com/TGTM_Official/status/1501796759084752896,2022-03-10,1500639956737597442,0,18,37,Chinese man cosplaying Chechnya soldier - top trending Chechnya fever! ğŸ˜‚ğŸ˜‚ğŸ˜‚  @serpentza @sjoerddendaas @StephenMcDonell @badiucao @kerrya11en  #TheGreatTranslationMovement #å¤§ç¿»è¯‘è¿åŠ¨  https://t.co/VuIvLJDZIk,2
23,23,https://twitter.com/TGTM_Official/status/1501802206714023936,2022-03-10,1500639956737597442,10,50,126,"#China started CPP history education in kindergartens, and kindergarten children were asked to collectively shout ""don't be the CCP member if you are afraid of death"" #CCPChina #TheGreatTranslationMovement #å¤§ç¿»è¯‘è¿åŠ¨ #Grandmouvementdetraduction #å‰å¤§ãªç¿»è¨³é‹å‹•  https://t.co/MHYsNDwydX",2
24,24,https://twitter.com/TGTM_Official/status/1501832272072298496,2022-03-10,1500639956737597442,1,15,23,"A principal in Shandong, China, supports China replacement of English with Russian for teaching. #TheGreatTranslationMovement #å¤§ç¿»è¯‘è¿åŠ¨ #Grandmouvementdetraduction #å‰å¤§ãªç¿»è¨³é‹å‹•  https://t.co/YDyae5HMSE",2
25,25,https://twitter.com/TGTM_Official/status/1501851504084279296,2022-03-10,1500639956737597442,0,10,20,"Let's make some money on China social media! Post some pro-Russia comments, and get paid 50RMB per 100 retweets, or 100RMB per 10,000 retweets.  #å¤§ç¿»è­¯é‹å‹•    #TheGreatTranslationMovement   #å‰å¤§ãªç¿»è¨³é‹å‹•",2
26,26,https://twitter.com/TGTM_Official/status/1501942996987564041,2022-03-10,1500639956737597442,0,16,40,"Dear Prime Minister of @BorisJohnson , have you received the debate between our Chinese netizens and you? If not, I have saved them all for you here. #TheGreatTranslationMovement #å¤§ç¿»è¯‘è¿åŠ¨ #Grandmouvementdetraduction #å‰å¤§ãªç¿»è¨³é‹å‹•  https://t.co/4fc3Z6erlx",2
27,27,https://twitter.com/TGTM_Official/status/1501966416928518150,2022-03-10,1500639956737597442,1,29,54,"First of all, we would like to congratulate Mr. Chris Bryant @RhonddaBryant who received the text message ""NMSL"" last time. I don't need to tell you who sent it, right? #TheGreatTranslationMovement #å¤§ç¿»è¯‘è¿åŠ¨ #Grandmouvementdetraduction #å‰å¤§ãªç¿»è¨³é‹å‹•  https://t.co/Z5Fwn70C8W",2
28,28,https://twitter.com/TGTM_Official/status/1502131828479594503,2022-03-11,1500639956737597442,0,7,20,"Chonglang TV tracked and reported: After paying 18,000 CNY for the evacuation airfare and a group singing rehearsal, the expatriates were organized to sing on the plane that the CCP had once again won a great victory. #TheGreatTranslationMovement #å¤§ç¿»è¯‘è¿åŠ¨  https://t.co/67oonGuNrz",2
29,29,https://twitter.com/TGTM_Official/status/1502140362269229075,2022-03-11,1500639956737597442,4,46,73,"After iOS app @DocumentsApp rolled out a new logo showing support for Ukraine, Chinese iPhone users, presumably the well-educated middle class of China, flooded the review section with pro-Russia hate speech. #TheGreatTranslationMovement #å¤§ç¿»è¯‘è¿åŠ¨ #UkraineRussiaWar #ThisIsChina  https://t.co/8CL8SeOF5t",2
30,30,https://twitter.com/TGTM_Official/status/1502176715149246464,2022-03-11,1500639956737597442,0,6,21,He just wanted a free lunch. #TheGreatTranslationMovement #å¤§ç¿»è¯‘è¿åŠ¨ #Grandmouvementdetraduction #å‰å¤§ãªç¿»è¨³é‹å‹•,2
31,31,https://twitter.com/TGTM_Official/status/1502181547276832768,2022-03-11,1500639956737597442,2,9,19,Thanks to government! Thanks to #CCP (whisperingï¼šplease give me money)! #TheGreatTranslationMovement #å¤§ç¿»è¯‘è¿åŠ¨ #Grandmouvementdetraduction #å‰å¤§ãªç¿»è¨³é‹å‹•,2
32,32,https://twitter.com/TGTM_Official/status/1502238901393453057,2022-03-11,1500639956737597442,4,17,46,"I don't know if you still remember the Wenchuan earthquake in 2008. The consequences of the 8-magnitude earthquake made the local government officials rich, while the dead and injured were not rescued at all.@RedCross  #TheGreatTranslationMovement #å¤§ç¿»è¯‘è¿åŠ¨ #å‰å¤§ãªç¿»è¨³é‹å‹•  https://t.co/GJQmFx5qme",2
33,33,https://twitter.com/TGTM_Official/status/1502258024831873025,2022-03-11,1500639956737597442,0,5,20,#TheGreatTranslationMovement  #å¤§ç¿»è¯‘è¿åŠ¨,6
34,34,https://twitter.com/TGTM_Official/status/1502262317496803330,2022-03-11,1500639956737597442,0,14,30,"Thanks to Mr. @polijunkie_aus for recording what happened to him after he joined an Australian WeChat group, the extreme remarks in it are really surprising. So for the love and peace of this world, we have to make it public. #TheGreatTranslationMovement #å¤§ç¿»è¯‘è¿åŠ¨",2
35,35,https://twitter.com/TGTM_Official/status/1502325398259965955,2022-03-11,1500639956737597442,1,9,24,Doesn't mass gathering make it easier for the virus to spread? The officials who made people behave like this should have had a frontal lobectomy in their brains. #COVID19 #CovidIsNotOver #chinalockdown  #TheGreatTranslationMovement #å¤§ç¿»è¯‘è¿åŠ¨ #Grandmouvementdetraduction  https://t.co/FHLktcxzNU,2
36,36,https://twitter.com/TGTM_Official/status/1502341681739272194,2022-03-11,1500639956737597442,0,14,47,Weibo suppresses discussion of a #transgender murder? #TheGreatTranslationMovement #å¤§ç¿»è¯‘è¿åŠ¨ #Grandmouvementdetraduction #å‰å¤§ãªç¿»è¨³é‹å‹•  https://t.co/y6Rbj4xxaR,2
37,37,https://twitter.com/TGTM_Official/status/1502487299426185218,2022-03-12,1500639956737597442,1,11,38,"""EU is the biggest loser of the #RussiaUkraineWar . They have become US's breeding ranch."" Chinese knows the best  #TheGreatTranslationMovement #å¤§ç¿»è¯‘è¿åŠ¨  #Grandmouvementdetraduction #å‰å¤§ãªç¿»è¨³é‹å‹•  https://t.co/hlQF3ETtfT",2
38,38,https://twitter.com/TGTM_Official/status/1502515218693627906,2022-03-12,1500639956737597442,4,24,66,ë°°ìš° ì´ì˜ì• ê°€ ìš°í¬ë¼ì´ë‚˜ì— 1ì–µì›ì„ ê¸°ë¶€í–ˆë‹¤. ì´ì— ì¤‘êµ­ ë„¤í‹°ì¦Œë“¤ì€ ë¶„ë…¸í•˜ê³  ìˆë‹¤. @dispatch_kst  Actress Lee Young-ae donated 100 million won to Ukraine.  Chinese netizens are outraged by this. #TheGreatTranslationMovement #å¤§ç¿»è¯‘è¿åŠ¨ #Grandmouvementtraduction #å‰å¤§ãªç¿»è¨³é‹å‹•  https://t.co/aEAKCx3DcT,6
39,39,https://twitter.com/TGTM_Official/status/1502518247106699265,2022-03-12,1500639956737597442,4,15,56,Let's have a closer look on #Putin female fans in China.  No wonder we don't see Putin often these days as he must be busy in bed.  #TheGreatTranslationMovement #å¤§ç¿»è¯‘è¿åŠ¨  #Grandmouvementdetraduction #å‰å¤§ãªç¿»è¨³é‹å‹•  https://t.co/bbN4RMhivj,2
40,40,https://twitter.com/TGTM_Official/status/1502521088739545090,2022-03-12,1500639956737597442,5,19,59,"Sorry, we've translated something more vulgar that might make you uncomfortable. #TheGreatTranslationMovement #å¤§ç¿»è¯‘è¿åŠ¨ #Grandmouvementdetraduction #å‰å¤§ãªç¿»è¨³é‹å‹•  https://t.co/Yov7PFBcXI",2
41,41,https://twitter.com/TGTM_Official/status/1502569861565718529,2022-03-12,1500639956737597442,3,16,49,Who downloads X Videos during working hours again? #TheGreatTranslationMovement #å¤§ç¿»è¯‘è¿åŠ¨ #Grandmouvementdetraduction #å‰å¤§ãªç¿»è¨³é‹å‹•  https://t.co/nQ7y4BbimU,2
42,42,https://twitter.com/TGTM_Official/status/1502593227601297409,2022-03-12,1500639956737597442,6,23,82,"Thanks to @dw_chinese for the report and @Tracy_Wen_Liu , we will continue to stick to our original intention and work hard to expose the real voice of the Chinese. I hope the world will be full of love and peace in the future. #TheGreatTranslationMovement #å¤§ç¿»è¯‘è¿åŠ¨",2
43,43,https://twitter.com/TGTM_Official/status/1502602094385065984,2022-03-12,1500639956737597442,4,1,7,"@Hunter3to1 Yes, I seem to have forgotten, you prefer to refer to Taiwanese as Taiwanese frogs.",2
44,44,https://twitter.com/TGTM_Official/status/1502607106926469122,2022-03-12,1500639956737597442,3,9,36,"Your Chinese language skills are amazing, you make a lot of sense, we should stop these grants dedicated to killing people. #TheGreatTranslationMovement #å¤§ç¿»è¯‘è¿åŠ¨",2
45,45,https://twitter.com/TGTM_Official/status/1502644004889907204,2022-03-12,1500639956737597442,1,16,52,"Thanks to @SDeutschlands for this exclusive interview with our translation team. We will continue to speak and work hard for the freedom we expect, and hope that the world in the future will be full of love and peace. #TheGreatTranslationMovement #å¤§ç¿»è¯‘è¿åŠ¨",2
46,46,https://twitter.com/TGTM_Official/status/1502654582903607301,2022-03-12,1500639956737597442,4,14,61,"If you don't like it, please don't hurt it, okay? ğŸ¥² #TheGreatTranslationMovement #å¤§ç¿»è¯‘è¿åŠ¨ #Grandmouvementdetraduction #å‰å¤§ãªç¿»è¨³é‹å‹•  https://t.co/tQMLCRX6jm",2
47,47,https://twitter.com/TGTM_Official/status/1502664559030546432,2022-03-12,1500639956737597442,2,1,6,@edith12121212 æœ‰åŠ³æ‚¨å¸®å¿™åˆ†äº«æ‰¹è¯„è¿™ç§è¨€è®ºçš„è¯„è®ºï¼ˆå¦‚æœå®ƒä»¬æ²¡æœ‰è¢«åˆ æ‰çš„è¯ï¼‰ï¼Œä»¥åŠå…¶ç‚¹èµæ•°ï¼Œå¯ä»¥å¯¹æ¯”çœ‹çœ‹å“ªç§è¨€è®ºåœ¨ä¸­æ–‡äº’è”ç½‘ä¸Šæ›´å—æ¬¢è¿,1
48,48,https://twitter.com/TGTM_Official/status/1502671064488300544,2022-03-12,1500639956737597442,0,1,4,@big_ear_cat å¤§ç¿»è¯‘å·²ç»æ¥æ‰‹äº† #å¤§ç¿»è¯‘è¿åŠ¨ #TheGreatTranslationMovement,1
49,49,https://twitter.com/TGTM_Official/status/1502673884604108807,2022-03-12,1500639956737597442,0,14,52,"Such an incel shouldn't have a girlfriend, right? #TheGreatTranslationMovement #å¤§ç¿»è¯‘è¿åŠ¨ #Grandmouvementdetraduction #å‰å¤§ãªç¿»è¨³é‹å‹•  https://t.co/xSv53mKwtG",2
50,50,https://twitter.com/TGTM_Official/status/1502691673779802115,2022-03-12,1500639956737597442,1,14,37,China's sudden no-notice #COVID19 lockdown measurement forces these people to choose between home and bread. China state media emphasised on zero-covid policy earlier today. @serpentza @big_ear_cat   #TheGreatTranslationMovement #å¤§ç¿»è¯‘è¿åŠ¨  https://t.co/5q2Ac17nQk,2
51,51,https://twitter.com/TGTM_Official/status/1502803613206278146,2022-03-13,1500639956737597442,6,25,72,Here is a translation of how Chinese Weibo users respond to @VICENews 's report on Russian TikTok influencers being paid to spread Kremlin propaganda. #TheGreatTranslationMovement #å¤§ç¿»è¯‘è¿åŠ¨ #ThisIsChina #UkraineWar #UkraineRussiaWar #RussiaUkraineWar #Ukraine  https://t.co/rwnXmLzC9j,2
52,52,https://twitter.com/TGTM_Official/status/1502823760281309184,2022-03-13,1500639956737597442,8,57,131,"Guess who should be responsible for #Chernobyl power cut? Some Chinese say Ukraine, some say US. Hope they get to an agreement soon.  #TheGreatTranslationMovement #å¤§ç¿»è¯‘è¿åŠ¨  https://t.co/eFhZZtCcBu",2
53,53,https://twitter.com/TGTM_Official/status/1502830003553124355,2022-03-13,1500639956737597442,1,9,35,Thank you @HenHao for your view on #å¤§ç¿»è¯‘è¿åŠ¨ #TheGreatTranslationMovement. We will continue to break the language barrier and show China's real voice.,2
54,54,https://twitter.com/TGTM_Official/status/1502867970774601729,2022-03-13,1500639956737597442,1,14,59,Letâ€™s take a look of Chinaâ€™s next generation robot! â€¦wait is that Yaskawa from Japan? Maybe Japan is part of China under Zhao Lijianâ€™s warrior wolf diplomacy narrative.  #å¤§ç¿»è¯‘è¿åŠ¨ #TheGreatTranslationMovement  #å‰å¤§ãªç¿»è¨³é‹å‹•  https://t.co/qmUWvD7GC8,2
55,55,https://twitter.com/TGTM_Official/status/1502878382916194309,2022-03-13,1500639956737597442,5,10,39,And 12/3/2023  #å¤§ç¿»è¯‘è¿åŠ¨ #TheGreatTranslationMovement,6
56,56,https://twitter.com/TGTM_Official/status/1502887427521744898,2022-03-13,1500639956737597442,2,13,50,"Chinese admiring Putin: We should carry our burden of responsibility, for our citizens, and our COUNTRY!   Credit @lelefarley     #TheGreatTranslationMovement #å¤§ç¿»è¯‘è¿åŠ¨  https://t.co/zuePhxk55t via @YouTube",2
57,57,https://twitter.com/TGTM_Official/status/1502902022982410241,2022-03-13,1500639956737597442,11,64,170,"So, America is so dangerous, why are you going there? Is it @USA_China_Talk you begged her to come to America? #TheGreatTranslationMovement #å¤§ç¿»è¯‘è¿åŠ¨ #Grandmouvementdetraduction #å‰å¤§ãªç¿»è¨³é‹å‹•  https://t.co/LhxkOourzz",2
58,58,https://twitter.com/TGTM_Official/status/1502923354096893955,2022-03-13,1500639956737597442,5,21,83,Which #Marvel hero joined the #Chinese People's Liberation Army? #TheGreatTranslationMovement #å¤§ç¿»è¯‘è¿åŠ¨ #Grandmouvementdetraduction #å‰å¤§ãªç¿»è¨³é‹å‹•  https://t.co/z6Dtn8S5IO,2
59,59,https://twitter.com/TGTM_Official/status/1502923536221933570,2022-03-13,1500639956737597442,0,1,5,@Lalalan45204261 Looking forward to a better version  #TheGreatTranslationMovement #å¤§ç¿»è¯‘è¿åŠ¨,2
60,60,https://twitter.com/TGTM_Official/status/1502935863965089792,2022-03-13,1500639956737597442,69,68,195,"Many Chinese don't think they are racist, but @POLITICOEurope do you feel offended by these massively liked remarks? #TheGreatTranslationMovement #å¤§ç¿»è¯‘è¿åŠ¨ #Grandmouvementdetraduction #å‰å¤§ãªç¿»è¨³é‹å‹•  https://t.co/72Jm1oIb8i",2
61,61,https://twitter.com/TGTM_Official/status/1502966376528433156,2022-03-13,1500639956737597442,5,1,3,@notXiangyu You made a really good suggestion! Your input is well received and thanks for your interest in #thegreattranslationmovement. We hope that you will continue participating in this movement in the future! Follow us on @TGTM_official for more updates â¤ï¸â¤ï¸â¤ï¸,2
62,62,https://twitter.com/TGTM_Official/status/1502970510480576518,2022-03-13,1500639956737597442,15,39,140,"Before you worry about being excluded by non-Chinese nationals, you ought to consider how the people of your own country of origin, China, exclude you.  åœ¨æ‹…å¿§è¢«å¤–å›½äººæ’æ–¥ä¹‹å‰ï¼Œè¯·å…ˆè€ƒè™‘ä¸­å›½äººä¼šä¸ä¼šæ’æ–¥ä½ ã€‚ #TheGreatTranslationMovement #å¤§ç¿»è¯‘è¿åŠ¨ #Grandmouvementdetraduction  https://t.co/l8aW4yV1DT",1
63,63,https://twitter.com/TGTM_Official/status/1502992956050972674,2022-03-13,1500639956737597442,61,39,437,"æˆ‘ä»¬æ³¨æ„åˆ°å¾ˆå¤šäººè¯´,æˆ‘ä»¬å‘å‡ºæ¥çš„å›¾ç‰‡æ˜¯å°‘æ•°äººæˆ–è€…æ˜¯è™šå‡çš„è¨€è®ºã€‚ ä½†æ˜¯å…¶ä¸­çš„çš„ç‚¹èµé‡å’Œçƒ­é—¨åº¦å¹¶éè™šå‡ï¼Œéš¾é“è¿™äº›äººå°±ä¸æ˜¯ä¸­å›½äººå—ï¼Ÿ ä¸è¦å…³æ³¨äºå¿—æ„¿è€…ç¿»è¯‘çš„å¥½ä¸å¥½ï¼Œè€Œå¿½ç•¥æ‰å›¾ç‰‡ä¸­ä¸‘æ¶çš„è¨€è®ºï¼Œè¿™å¹¶éè¯—æ­Œå“é‰´ã€‚ å¦‚æœä½ æ›¾æ˜¯å›¾ç‰‡ä¸­çš„ä¸€å‘˜ï¼Œè¯·ä¸ºä½ çš„æ‰€ä½œæ‰€ä¸ºè€Œæ„Ÿåˆ°ç¾æ„§ã€‚#TheGreatTranslationMovement",1
64,64,https://twitter.com/TGTM_Official/status/1503028821506723844,2022-03-13,1500639956737597442,12,42,110,"If the CCP, with its 95% approval rating, does not represent the will of the people, then who does? Us, the infamous ""hanjian"" traitors of the motherland? #TheGreatTranslationMovement #å¤§ç¿»è¯‘è¿åŠ¨ #Grandmouvementdetraduction #å‰å¤§ãªç¿»è¨³é‹å‹•  https://t.co/Nlc4ZaMvVx",2
65,65,https://twitter.com/TGTM_Official/status/1503054157938188292,2022-03-13,1500639956737597442,11,22,63,The video itself says it all. I have nothing to add on.  (We are not tagging anything here as no translation is needed)  https://t.co/T8NS3MpMvz,2
66,66,https://twitter.com/TGTM_Official/status/1503086372411699202,2022-03-13,1500639956737597442,16,53,177,The word #Jew  in China can almost be equated with Satan. #TheGreatTranslationMovement #å¤§ç¿»è¯‘è¿åŠ¨ #Grandmouvementdetraduction #å‰å¤§ãªç¿»è¨³é‹å‹•  https://t.co/jboXmkPt7k,2
67,67,https://twitter.com/TGTM_Official/status/1503092973738741760,2022-03-13,1500639956737597442,19,79,192,"This is the real view of the Chinese on Weibo, with the highest likes reaching 76k. Almost everyone believes that COVID19 was deliberately created by the United States. #TheGreatTranslationMovement #å¤§ç¿»è¯‘è¿åŠ¨ #Grandmouvementdetraduction #å‰å¤§ãªç¿»è¨³é‹å‹•  https://t.co/oOmOIRngKp",2
68,68,https://twitter.com/TGTM_Official/status/1503195017560543235,2022-03-14,1500639956737597442,52,122,537,ç‚ºäº†ä½ æˆ‘çš„è‡ªç”± Za wolnoÅ›Ä‡ naszÄ… i waszÄ… #TheGreatTranslationMovement #å¤§ç¿»è¯‘è¿åŠ¨ #Grandmouvementdetraduction #å‰å¤§ãªç¿»è¨³é‹å‹•  https://t.co/fWR7vZbEJS,1
69,69,https://twitter.com/TGTM_Official/status/1503208801234657280,2022-03-14,1500639956737597442,13,67,211,"RT editor's choice (China version) Yes, you always have support from Weibo with purchase power  #å¤§ç¿»è¯‘è¿åŠ¨ #TheGreatTranslationMovement  https://t.co/5J5gosvipp",2
70,70,https://twitter.com/TGTM_Official/status/1503257950571274247,2022-03-14,1500639956737597442,15,61,188,"Our deepest condolences to the passing of #BrentRenaud, a respected reporter, in (the Russian invasion of) Ukraine. We also note the disturbing comments left on the article reporting his death.  #TheGreatTranslationMovement #å¤§ç¿»è¯‘è¿åŠ¨ #å‰å¤§ãªç¿»è¨³é‹å‹•  https://t.co/hJOOTBHl0O",2
71,71,https://twitter.com/TGTM_Official/status/1503302651349401606,2022-03-14,1500639956737597442,0,2,15,@IAPonomarenko We translate popular opinions on China social media.  Here is China's mainstream opinion on #BrentRenaud 's death. There are more pro-Russia people in China than you can ever imagine. Follow us on #TheGreatTranslationMovement for more contents.  https://t.co/icIkny9Mag,2
72,72,https://twitter.com/TGTM_Official/status/1503325074979315716,2022-03-14,1500639956737597442,0,1,0,@DeiEtPopuli Thanks for your support! We are more than happy to participate in academic research by your team in the future.,2
73,73,https://twitter.com/TGTM_Official/status/1503341819504971779,2022-03-14,1500639956737597442,25,50,145,"If it wasn't for them still speaking Chinese, I almost thought China was already Russian territory. @JaisTroian ã€€#TheGreatTranslationMovement #å¤§ç¿»è¯‘è¿åŠ¨ #Grandmouvementdetraduction #å‰å¤§ãªç¿»è¨³é‹å‹• #UkraineWar #UkraineRussiaWar #UkraineUnderAttack  https://t.co/iZvTm5mUPE",2
74,74,https://twitter.com/TGTM_Official/status/1503371369433780226,2022-03-14,1500639956737597442,5,26,111,"This cartoon illustration recently went viral on China social media and even appeared on Russia state TV. Meanwhile, Nazi-inspired work has been posted by the same author.  https://t.co/NNGpfEAHYd  Credir: r/GenZedong on reddit.  https://t.co/N5qyelyQpX",2
75,75,https://twitter.com/TGTM_Official/status/1503380484826435584,2022-03-14,1500639956737597442,7,29,104,ì™€ì´í”„ ìš´ì˜í•œ ì¸í„°ë„· ì‚¬ì´íŠ¸ì— ëŒ€ë§Œê°€ êµ­ê°€ë¼ê³  í•˜ê¸° ë•Œë¬¸ì— ì•ˆí˜„ìˆ˜(Victor An) ê°ë…ë‹˜ì€ ì¤‘êµ­ ì›¨ì´ë³´ì—ì„œ ì–¸ì–´í­ë ¥ì„ ë‹¹í•œë‹¤ @dispatch_kst  #ìœ„ëŒ€í•œ_ë²ˆì—­ìš´ë™ #TheGreatTranslationMovement #å¤§ç¿»è¯‘è¿åŠ¨ #Grandmouvementdetraduction #TaiwanIsaCountry  https://t.co/ZxfPeeTjRJ,6
76,76,https://twitter.com/TGTM_Official/status/1503393342234628100,2022-03-14,1500639956737597442,16,47,147,What mainland #Chinese think of Yo-yo Ma playing the cello outside the Russian embassy to support #Ukraine  #TheGreatTranslationMovement #å¤§ç¿»è¯‘è¿åŠ¨ #Grandmouvementdetraduction #å‰å¤§ãªç¿»è¨³é‹å‹•  https://t.co/j2Dd1SvhOU,2
77,77,https://twitter.com/TGTM_Official/status/1503443364988874753,2022-03-14,1500639956737597442,27,79,226,"We can humble as dust, can not be distorted as maggots. #TheGreatTranslationMovement #å¤§ç¿»è¯‘è¿åŠ¨ #Grandmouvementdetraduction #å‰å¤§ãªç¿»è¨³é‹å‹• #ìœ„ëŒ€í•œ_ë²ˆì—­ìš´ë™ #Ukraine #UkraineRussiaWar #chinazi  https://t.co/xWDnsLXLvr",2
78,78,https://twitter.com/TGTM_Official/status/1503462143852613632,2022-03-14,1500639956737597442,5,7,64,@__Inty__ ååˆ†æ„Ÿè°¢æ‚¨çš„å¸®åŠ©ï¼Œåœ¨è¿™ä¸ªä¼—äººè¢«é›†ä½“æ‰€è£¹æŒŸçš„æ—¶ä»£ï¼Œåœ¨è¿™è‡ªç”±å’Œä¸ªäººæ€æƒ³é­åˆ°ç¦é”¢çš„æ—¶ä»£ï¼Œæ¯ä¸€ä½ç«™å‡ºæ¥çš„éƒ½æ˜¯ä¹‰äººã€‚,1
79,79,https://twitter.com/TGTM_Official/status/1503571850428776453,2022-03-15,1500639956737597442,42,84,280,China Weibo comments cheering at Russia plans to seize assets of western companies that pull out. #RussianAggression #RussiaUkraineWar   #TheGreatTranslationMovement #å¤§ç¿»è¯‘è¿åŠ¨ #Grandmouvementdetraduction #å‰å¤§ãªç¿»è¨³é‹å‹•  https://t.co/jinIbKg8Gc,2
80,80,https://twitter.com/TGTM_Official/status/1503586522980749317,2022-03-15,1500639956737597442,18,69,194,Same story in two worlds.  #TheGreatTranslationMovement #å¤§ç¿»è¯‘è¿åŠ¨ #Grandmouvementdetraduction #å‰å¤§ãªç¿»è¨³é‹å‹•  #Ukraine #UkraineRussiaWar  https://t.co/6kQbG9sk0n,2
81,81,https://twitter.com/TGTM_Official/status/1503608162959572997,2022-03-15,1500639956737597442,5,28,104,Sins deserve punishment. Don't forget Xuzhou mother. #TheGreatTranslationMovement #å¤§ç¿»è¯‘è¿åŠ¨ #Grandmouvementdetraduction #å‰å¤§ãªç¿»è¨³é‹å‹•,2
82,82,https://twitter.com/TGTM_Official/status/1503648858743603200,2022-03-15,1500639956737597442,61,233,558,"If they are Chinese, why should they receive a Chinese assimilation education? If they are not, why do they have to be Chinese. @WikiRamzi @Dr_EyadQun @Muhamed_Erdogan @AiUo9Jn2Ct5faFR  #TheGreatTranslationMovement #å¤§ç¿»è¯‘è¿åŠ¨ #Ú©Ù…Ù¾ÛŒÙ†Ø¨Ø²Ø±Ú¯ØªØ±Ø¬Ù…Ù‡  https://t.co/3YmiYU69Ws",2
83,83,https://twitter.com/TGTM_Official/status/1503673893923409922,2022-03-15,1500639956737597442,3,14,70,"äººä»¬ä¼šè®°ä½è¢«å“¥è¨å…‹æ€æ­»çš„è£´å¤šè²ï¼Œ è€Œä¸æ˜¯æ€æ­»ä»–çš„å“¥è¨å…‹ã€‚æ°‘æ—ä¹‹æ­Œï¼Œè£´å¤šè² 1848.3.15 One will remember PetÅ‘fi, who slained by a cossack. Not the cossack, who had slain PetÅ‘fi. Nemzeti dal, PetÅ‘fi SÃ¡ndor  1848.3.15 #TheGreatTranslationMovement #å¤§ç¿»è¯‘è¿åŠ¨  https://t.co/DcO4uZi35s",1
84,84,https://twitter.com/TGTM_Official/status/1503683806510792709,2022-03-15,1500639956737597442,17,70,187,This may not be the opinion of most people.#Chinese are gentle and kind people. #TheGreatTranslationMovement #å¤§ç¿»è¯‘è¿åŠ¨ #Grandmouvementdetraduction #ìœ„ëŒ€í•œ_ë²ˆì—­ìš´ë™  https://t.co/Jv5GVbncU5,2
85,85,https://twitter.com/TGTM_Official/status/1503727559908810752,2022-03-15,1500639956737597442,16,55,182,"America is so bad, why go to #America ? #TheGreatTranslationMovement #å¤§ç¿»è¯‘è¿åŠ¨ #Grandmouvementdetraduction #å‰å¤§ãªç¿»è¨³é‹å‹•  https://t.co/av9s03CoJb",2
86,86,https://twitter.com/TGTM_Official/status/1503766850366148611,2022-03-15,1500639956737597442,15,35,165,Power addicted man forces persons who sneaked out to buy food under lockdown to admit their fault publicly through video recording. #å¤§ç¿»è¯‘è¿åŠ¨ #TheGreatTranslationMovement #å‰å¤§ãªç¿»è¨³é‹å‹• #COVID19 #CovidIsNotOver #China  https://t.co/jhEF0u3S4U,2
87,87,https://twitter.com/TGTM_Official/status/1503777621297209346,2022-03-15,1500639956737597442,0,1,2,@RayhanAsat @BostonCollege Please help these #Uyghurs girls! It is heartbreaking to see them forced to praise what ruins them. We translated this video to let people understand what is actually going on in #Xinjiang. #TheGreatTranslationMovement    https://t.co/rrNvMfmfCv,2
88,88,https://twitter.com/TGTM_Official/status/1503785346525392900,2022-03-15,1500639956737597442,7,31,127,Another example of Pro-nazi comments found on Weibo Einige Nazi-Kommentare der Chinesen Hinweis: Der Text in den Bildern spiegelt nicht die Ansichten des Ãœbersetzers oder dieses Kontos wider.  #TheGreatTranslationMovement #å¤§ç¿»è¯‘è¿åŠ¨ #Grandmouvementdetraduction #chinazi  https://t.co/D4IlSUIwcA,3
89,89,https://twitter.com/TGTM_Official/status/1503929721754558465,2022-03-16,1500639956737597442,24,44,174,China neitizens giving credit of spaceX launch to China. Is it because of 'Dragon'? ğŸ¤”  @serpentza @StephenMcDonell @laowhy86  #TheGreatTranslationMovement #å¤§ç¿»è¯‘è¿åŠ¨  https://t.co/91crx0FrDv,2
90,90,https://twitter.com/TGTM_Official/status/1503960098028277762,2022-03-16,1500639956737597442,30,128,328,"ä¸­å›½äººä¼¼ä¹æ˜¯å¿½ç•¥äº†æˆ˜äº‰æœ¬èº«çš„æ®‹é…·ï¼ŒæŠŠè¿™åœºæˆ˜äº‰å½“æˆäº†å¥½è±åæ‹çš„ç¾å›½ç‰‡ã€‚ It appears as Chinese netizens disregard the severity of war, mistakenly took it as a Hollywood comedy. @ArthurKei_UA #RussianUkrainianWar #PutinWarCriminal  #å¤§ç¿»è¯‘è¿åŠ¨ #TheGreatTranslationMovement  https://t.co/CGbuE0bNLu",1
91,91,https://twitter.com/TGTM_Official/status/1503967581224706048,2022-03-16,1500639956737597442,1,1,10,@Ezra_EX @ArthurKei_UA æ¬¢è¿ä½ åŠ å…¥å¤§ç¿»è¯‘è¿åŠ¨å“¦â¤ï¸,1
92,92,https://twitter.com/TGTM_Official/status/1503992878351020033,2022-03-16,1500639956737597442,12,48,179,It has been a few days since our last tweet about #Putin fans in China. Our bad.  They are still active and even 'OVULATE INSTANTLY'. Didn't know human being can do this...  #RussianUkrainianWar #PutinWarCriminal  #å¤§ç¿»è¯‘è¿åŠ¨ #TheGreatTranslationMovement  https://t.co/TK2JlkbnQr,2
93,93,https://twitter.com/TGTM_Official/status/1504059174560301060,2022-03-16,1500639956737597442,10,66,191,ä¸­å›½ã®æ–™ç†åº—ã®æ¨ªæ–­å¹•ãŒæ²ã’ã‚‰ã‚Œã¦ãŠã‚Šã€æ—¥ç±³ã§ã®COVID19ãŒç¶šã‘ã¦ã‚‹ã‚ˆã†ã«ãªã‚ŠãŸã„ã€‚ A restaurant in China sets up a banner to wish #Covid_19 spread further in Japan and US.  @YSD0118  @shukan_bunshun #TheGreatTranslationMovement #å¤§ç¿»è¯‘è¿åŠ¨ #å‰å¤§ãªç¿»è¨³é‹å‹• #ã‚³ãƒ­ãƒŠãƒ¯ã‚¯ãƒãƒ³  https://t.co/iGbk8c6PTE,4
94,94,https://twitter.com/TGTM_Official/status/1504062589088976899,2022-03-16,1500639956737597442,1,1,18,@OldChinaBland @YSD0118 @shukan_bunshun Yep. Itâ€™s karma time.,2
95,95,https://twitter.com/TGTM_Official/status/1504065945903382530,2022-03-16,1500639956737597442,2,14,63,Thanks very much for your support on #TheGreatTranslationMovement @EricLiu_USA,2
96,96,https://twitter.com/TGTM_Official/status/1504076148820647940,2022-03-16,1500639956737597442,6,49,144,The one who are most cold-blooded to the Chinese are the Chinese themselves. #TheGreatTranslationMovement #å¤§ç¿»è¯‘è¿åŠ¨ #Grandmouvementdetraduction #RussiaUkraineWar @kerrya11en @aliceysu  https://t.co/dUrMVgfiDQ,2
97,97,https://twitter.com/TGTM_Official/status/1504102997181308936,2022-03-16,1500639956737597442,3,24,94,"FÃ¼r manchen Personen kann die Menschlichkeit so weit verschwunden sein, dass sie andere fÃ¼r deren Rasse beurteilen egal ob sie ein Mensch sind oder nicht. #GrandMouvementDettaduction #GreatTranslationMovement  #å¤§ç¿»è¯‘è¿åŠ¨ #NeoNazi  #chinazi  https://t.co/L4kk2RpP2V",3
98,98,https://twitter.com/TGTM_Official/status/1504128360381034497,2022-03-16,1500639956737597442,0,1,0,@onionzhu Putinâ€™s fans: A TGTM classic,2
99,99,https://twitter.com/TGTM_Official/status/1504151073568796679,2022-03-16,1500639956737597442,2,28,92,"Ø´ÙƒØ±Ù‹Ø§ Ù„Ùƒ Ø¹Ù„Ù‰ Ø§Ù‡ØªÙ…Ø§Ù…Ùƒ Ø¨Ø§Ù„Ø£ÙˆÙŠØºÙˆØ± ÙÙŠ Ø§Ù„ØµÙŠÙ†. Ø¯ÙŠØ§Ù†Ø§Øª Ù…Ø®ØªÙ„ÙØ© ØŒ Ø¥Ù„Ù‡ ÙˆØ§Ø­Ø¯ ØŒ Ù…Ù…Ù„ÙƒØ© Ù…Ø®ØªÙ„ÙØ© ØŒ Ù†ÙØ³ Ø­Ù‚ÙˆÙ‚ Ø§Ù„Ø¥Ù†Ø³Ø§Ù† Thanks to attention on Uyghurs.Different religions,one God,different state,same human rights.@HKokboreâ©@Haytham4u2â© #TheGreatTranslationMovement #å¤§ç¿»è¯‘è¿åŠ¨ #Ú©Ù…Ù¾ÛŒÙ†Ø¨Ø²Ø±Ú¯ØªØ±Ø¬Ù…Ù‡  https://t.co/aST9As1bXU",6
100,100,https://twitter.com/TGTM_Official/status/1504166632733786123,2022-03-16,1500639956737597442,22,125,384,"Even if Putin announced sanctions against a donkey, they were able to have a mass orgy. #å¤§ç¿»è¯‘è¿åŠ¨ #TheGreatTranslationMovement  #RussiaUkraineWar  @lelefarley @JaisTroian @kerrya11en  https://t.co/D8i5D7oor5",2
101,101,https://twitter.com/TGTM_Official/status/1504286708837208067,2022-03-17,1500639956737597442,5,51,168,It seems like #Pfizer gains a mixed reputation with Lianhua Qingwen in China. Here comes the debate.   #COVID19 #vaccination  #å¤§ç¿»è¯‘è¿åŠ¨ #TheGreatTranslationMovement   @StephenMcDonell @sjoerddendaas @lelefarley @supchinanews  https://t.co/9RmLBnz8Ut,2
102,102,https://twitter.com/TGTM_Official/status/1504328676598591488,2022-03-17,1500639956737597442,18,93,246,"Comments gloating about #japanearthquake flood over China Social Media. If this is not pure evil, I don't know what is.   @kerrya11en @williamnee @WilliamYang120 @KadotaRyusho @IiyamaAkari  #æ—¥æœ¬åœ°éœ‡  #å¤§ç¿»è¯‘è¿åŠ¨ #TheGreatTranslationMovement #å‰å¤§ãªç¿»è¨³é‹å‹•  https://t.co/kPmsEOwmrq",2
103,103,https://twitter.com/TGTM_Official/status/1504335313153396737,2022-03-17,1500639956737597442,15,101,241,ChonglangTVã®ç¬¬äºŒã®æ•…éƒ·ã«ã•ã‚Œã‚‹æ—¥æœ¬ã¯ã€åœ°éœ‡ã«ã‚ˆã‚Šè¢«å®³ã‚’å—ã‘ã‚‰ã‚Œã¾ã—ãŸã€‚ç§ãŸã¡ã¯ç—›å¿ƒã«å ªã¸ã–ã‚‹ä¸€æ–¹ã€ä¸­å›½ãƒãƒƒãƒˆã®ä¸–è«–ã«æ€’ã‚Šã‚’æŠ‘ãˆã‚‰ã‚Œã¾ã›ã‚“ã€‚ï¼ƒæ—¥æœ¬åœ°éœ‡ #åœ°éœ‡ã®å¾Œ #TheGreatTranslationMovement #å¤§ç¿»è¯‘è¿åŠ¨ #å‰å¤§ãªç¿»è¨³é‹å‹• @KadotaRyusho @takaichi_sanae @KishiNobuo  https://t.co/DWeyVUOpxC,4
104,104,https://twitter.com/TGTM_Official/status/1504379956498874368,2022-03-17,1500639956737597442,8,76,199,"Chinese netizens challenging UN international court of justice over #RussiaUkraineWar, calling it 'a piece of waste paper'.  #å¤§ç¿»è¯‘è¿åŠ¨ #TheGreatTranslationMovement  @IAPonomarenko @ArthurKei_UA @AxelDessein  https://t.co/VMenCnQxzE",2
105,105,https://twitter.com/TGTM_Official/status/1504400326153043968,2022-03-17,1500639956737597442,17,140,332,ã“ã®æ²ç¤ºæ¿ã§ã®æ¥µç«¯ãªæ°‘æ—ä¸»ç¾©ã®ãŠç¥­ã‚Šé¨’ããŒã€æ—¥æœ¬æ”¿åºœãŒä¸­å›½ã‚’ç”˜ã‚„ã‹ã—ã™ããŸçµæœã ã€‚ã“ã‚Œã¯ä¸­å›½ä¸–è«–ã®æœ¬å½“ã®ä¸»æµã¨ãªã‚‹è€ƒãˆã ã€‚ @SatoMasahisa @KishiNobuo @KadotaRyusho @arimoto_kaori #TheGreatTranslationMovement  #å¤§ç¿»è¯‘è¿åŠ¨  #å‰å¤§ãªç¿»è¨³é‹å‹• #Grandmouvementdetraduction  https://t.co/IosRDRASah,4
106,106,https://twitter.com/TGTM_Official/status/1504448184763904001,2022-03-17,1500639956737597442,80,453,1789,è¿‘æœŸæˆ‘ä»¬å‘ç°ï¼Œä¼ªåˆŠç¯çƒæ—¶æŠ¥ä¸ºé¦–çš„å–‰èˆŒç‰‡é¢ç¿»è¯‘å¤–å›½çš„è´Ÿé¢æ–°é—»å’Œä¿„å›½å‡æ–°é—»ï¼Œå‘ä¸­å›½äººçŒè¾“ä¾µç•¥æˆ˜äº‰çš„å†›å›½æ€æƒ³ï¼Œç”šè‡³æ‰¼æ€å’Œå¹³ä¸»ä¹‰è€…ç­‰æœ‰è‰¯çŸ¥è€…åœ¨å¢™å†…çš„å£°éŸ³ã€‚æˆ‘ä»¬ä»£è¡¨å¤§ç¿»è¯‘è¿åŠ¨ï¼Œå‘è¿™ç§é‚ªæ¶è¡Œä¸ºçš„ååå¢ƒå†…åŠ¿åŠ›å‘å‡ºä¸¥æ­£è­¦å‘Šã€‚ #TheGreatTranslationMovement #å¤§ç¿»è¯‘è¿åŠ¨ #å‰å¤§ãªç¿»è¨³é‹å‹•  https://t.co/ZW2SWedCE0,1
107,107,https://twitter.com/TGTM_Official/status/1504527694096068622,2022-03-17,1500639956737597442,15,81,273,"very appreciating that Chinese netizens support our movement, actively provide us with enthusiasm and valuable content. Thank you all, for your precious support. #TheGreatTranslationMovement #å¤§ç¿»è¯‘è¿åŠ¨ #Grandmouvementdetraduction #å‰å¤§ãªç¿»è¨³é‹å‹• #ìœ„ëŒ€í•œ_ë²ˆì—­ìš´ë™  https://t.co/EWVQDC35Fi",2
108,108,https://twitter.com/TGTM_Official/status/1504619845039534082,2022-03-18,1500639956737597442,9,30,122,A battle of... Kimchi íŒŒì˜¤ì°¨ì´ VS ê¹€ì¹˜! ì¤‘êµ­ì˜ íŒŒì˜¤ì°¨ì´ ì„ ìˆ˜ê°€ ì™„ì „íˆ ìŠ¹ë¦¬í–ˆë‹¤! âœŒ (ë ˆí¼ë¦¬: ì¤‘êµ­ ë„¤í‹°ì¦Œ)  #TheGreatTranslationMovement #å¤§ç¿»è¯‘è¿åŠ¨ #Grandmouvementdetraduction #ìœ„ëŒ€í•œ_ë²ˆì—­ìš´ë™  https://t.co/ASRbWQUIMA,6
109,109,https://twitter.com/TGTM_Official/status/1504666089032060929,2022-03-18,1500639956737597442,13,101,266,Chinese students warn to report their teacher who supports #Ukraine over #UkraineRussianWar. Here we go - The 21st Century Cultural Revolution. @ThisIsWenhao @Tracy_Wen_Liu @maxseddon @EricLiu_USA @ArthurKei_UA   #TheGreatTranslationMovement #å¤§ç¿»è¯‘è¿åŠ¨  https://t.co/XkAVI5mrVA,2
110,110,https://twitter.com/TGTM_Official/status/1504711491873697797,2022-03-18,1500639956737597442,11,70,177,"Shanghai cancer patients rejected for treatment even if PCR tests came back negative. Meanwhile, Xi Jinping attempts to show he does care about his people (of course, with Chinese characteristics) by restating China's resolution on its ruthless zero-covid policy. #chinalockdown  https://t.co/dkJwn8JiJa",2
111,111,https://twitter.com/TGTM_Official/status/1504747054639517698,2022-03-18,1500639956737597442,53,62,417,æˆ‘ä»¬æ³¨æ„åˆ°ï¼ŒCCTVå¼€å§‹å¼•ç”¨æ›´å¤šæ¥è‡ªä¹Œå…‹å…°å®˜æ–¹çš„ä¿¡æ¯æºï¼Œè®©ä¸­å›½äººäº†è§£ä¹Œå…‹å…°äººåæŠ—ä¿„å†›ä¾µç•¥çš„æˆæœã€‚ æˆ‘ä»¬é¼“åŠ±CCTVè¿›ä¸€æ­¥æ‚”æ”¹ï¼Œå…¬å¹³æŠ¥é“çœŸå®æ–°é—»ï¼Œå¹¶ä¸”å¥‰åŠä»¥ç¯çƒæ—¶æŠ¥ä¸ºé¦–çš„é¡½å›ºå–‰èˆŒå°½å¿«è¿·é€”çŸ¥è¿”ï¼Œç«‹åˆ»åœæ­¢ç¾åŒ–å’Œæ”¯æŒä¾µç•¥æˆ˜äº‰çš„å®£ä¼  #TheGreatTranslationMovement #å¤§ç¿»è¯‘è¿åŠ¨ #å‰å¤§ãªç¿»è¨³é‹å‹•  https://t.co/ykSxpzE2se,1
112,112,https://twitter.com/TGTM_Official/status/1504780023533735937,2022-03-18,1500639956737597442,7,59,189,"I don't expect anyone to return my kindness, but at least I don't want to be returned with malice.  #TheGreatTranslationMovement  #å¤§ç¿»è¯‘è¿åŠ¨  #Grandmouvementdetraduction #å‰å¤§ãªç¿»è¨³é‹å‹•  https://t.co/uiZ8YZRdG2",2
113,113,https://twitter.com/TGTM_Official/status/1504802898537897984,2022-03-18,1500639956737597442,60,198,1326,11kç²‰ä¸äº†ï¼Œéå¸¸æ„Ÿè°¢è¯¸ä½çš„æ”¯æŒï¼Œæœ¬æ¬¡ #å¤§ç¿»è¯‘è¿åŠ¨ #TheGreatTranslationMovement  èµ·å§‹äºå¶ç„¶ï¼Œä½†å¸Œæœ›é™¤äº†æˆ‘ä»¬æµªäººè‡ªå·±ï¼Œä¹Ÿè¯·å¤§å®¶ä¸»åŠ¨å°†è¿™ä¸ªå°†è¿™ä¸ªç§å­æ’­æ’’ä¸‹å»ï¼Œäººç±»ä¸åˆ†ç§æ—å’Œç¾¤ä½“ï¼Œè¯·å¤§å®¶æŠ›å¼ƒèº«ä»½çš„è®¤åŒæ„Ÿå»èå…¥æ•´ä¸ªä¸–ç•Œæ–‡æ˜å§ã€‚  https://t.co/OCihtcwSbW,1
114,114,https://twitter.com/TGTM_Official/status/1504859325826691075,2022-03-18,1500639956737597442,6,61,156,"Everything can lie, except money. The fabrication of such Nazi fraudulent news can gain an enormous market.  While individuals who consume such fraudulence were those, who seemingly appear as harmless ordinary people on regular days. #TheGreatTranslationMovement #å¤§ç¿»è¯‘è¿åŠ¨  https://t.co/MxeyCSHO5A",2
115,115,https://twitter.com/TGTM_Official/status/1504863217582948354,2022-03-18,1500639956737597442,0,2,6,"@LittleLuanfei I would like to share this Chinese proverb with those who were not familiar with chinese language art,It is hard to find a dutiful son for a father who has been sick in bed for a long time.",2
116,116,https://twitter.com/TGTM_Official/status/1504880815091552256,2022-03-18,1500639956737597442,4,34,135,When Russia joke turns China joke. #TheGreatTranslationMovement #å¤§ç¿»è¯‘è¿åŠ¨  https://t.co/Uce4QMmSHW,2
117,117,https://twitter.com/TGTM_Official/status/1504998087474905091,2022-03-19,1500639956737597442,6,34,121,ìš°ìŠ¹ í›„ì— ìš°ë¦¬ ì¤‘êµ­ ì„ ìˆ˜ë‹˜ì´ ìš”ì¦˜ ì–´ë–¤ê°€ìš”?  https://t.co/TFcwpfQMFq @SBS8news #TheGreatTranslationMovement #å¤§ç¿»è¯‘è¿åŠ¨ #Grandmouvementdetraduction #å‰å¤§ãªç¿»è¨³é‹å‹•  #ìœ„ëŒ€í•œ_ë²ˆì—­ìš´ë™  https://t.co/KueTyF6V6M,6
118,118,https://twitter.com/TGTM_Official/status/1505020335976255491,2022-03-19,1500639956737597442,22,123,349,"Without Chinaâ€™s support to Russia, there wonâ€™t be war, let alone anything thereafter to make things up.  #TheGreatTranslationMovement #å¤§ç¿»è¯‘è¿åŠ¨  https://t.co/SzItmoMwGq",2
119,119,https://twitter.com/TGTM_Official/status/1505040840103968772,2022-03-19,1500639956737597442,19,42,296,è¯·è¯¸ä½ä¸è¦æè¯‰è¯¸æƒ…æ„Ÿï¼Œè¯‰è¯¸èº«ä»½ä¸€ç±»çš„è¯¡è¾©æœ¯ã€‚  å¤§ç¿»è¯‘è¿åŠ¨çš„å‚ä¸è€…éƒ½æ˜¯ä¸å†éº»æœ¨ï¼Œæ„Ÿå—åˆ°äº†çµé­‚ä¸Šçš„ç—›è‹¦çš„æ­£å¸¸äºº  â€œè¿˜æœ‰ä»€ä¹ˆç†æƒ³ï¼Œæ˜¯æ¯”æ¶ˆç­æ‰€æœ‰å‹è¿«æ›´ä¼Ÿå¤§çš„å‘¢ï¼Ÿè¿˜æœ‰ä»€ä¹ˆæ™ºæ…§ï¼Œæ˜¯æ¯”æŠŠæ•´ä¸ªä¸–ç•Œå½“æˆæ ‡æœ¬è§£å‰–æ›´æ·±é‚ƒçš„å‘¢ï¼Ÿæ‹¥æœ‰è¿™æ ·çš„æ™ºæ…§ï¼Œè¿½æ±‚è¿™æ ·çš„ç†æƒ³ï¼Œéš¾é“ä¸æ˜¯å€¼å¾—ä»˜å‡ºä¸€åˆ‡çš„å—ï¼Ÿâ€,1
120,120,https://twitter.com/TGTM_Official/status/1505041620018003975,2022-03-19,1500639956737597442,1,16,117,é¼ é¼ å‘ç”»å¸ˆè‡´ä»¥æœ€é«˜æ•¬æ„,1
121,121,https://twitter.com/TGTM_Official/status/1505055650325606402,2022-03-19,1500639956737597442,1,1,16,@Juror1117 You can have your own translation as well! Simply tweet your view and @ us. It is nice to see more and more people joining the movement ğŸ˜Š,2
122,122,https://twitter.com/TGTM_Official/status/1505082347041210372,2022-03-19,1500639956737597442,24,179,573,Bilibiliãƒãƒ£ãƒ³ãƒãƒ«ç™»éŒ²è€…æ•°ï¼•ï¼ï¼ä¸‡äººè¶Šãˆã®å¤§ç‰©å‹•ç”»æŠ•ç¨¿è€…ã€Œæ—¥æœ¬ãŒåŸçˆ†ãŒè½ã¨ã•ã‚Œã¦ã¦ãƒ¯ãƒ­ã‚±ãƒ«ï½—ï½—ã€â†ä½•ä¸‡äººæ­»ã‚“ã ã¨æ€ã£ã¦ã‚“ã­ã‚“ï¼ï¼ï¼ğŸ˜¡ğŸ˜¡ğŸ˜¡  @SatoMasahisa @KishiNobuo @KadotaRyusho @arimoto_kaori #TheGreatTranslationMovement  #å¤§ç¿»è¯‘è¿åŠ¨  #å‰å¤§ãªç¿»è¨³é‹å‹•  https://t.co/WXNJXhUNOi,4
123,123,https://twitter.com/TGTM_Official/status/1505125393581322246,2022-03-19,1500639956737597442,23,98,316,"A Russia apologist in China: ""Ukraine is a sharp knife stabbed at Russia in the hands of the United States. Russia just raises its hand to block it and pull off the knife to avoid injury. It is a reaction of self-defense.""#TheGreatTranslationMovement #å¤§ç¿»è¯‘è¿åŠ¨ #UkraineRussiaWar  https://t.co/KQJGvl6gBn",2
124,124,https://twitter.com/TGTM_Official/status/1505130208315248641,2022-03-19,1500639956737597442,19,71,228,Weibo netizen giving advise to middle east governments. Ø£Ø¯Ù„Ù‰ Ù…Ø³ØªØ®Ø¯Ù…Ùˆ Ø§Ù„Ø¥Ù†ØªØ±Ù†Øª Ø§Ù„ØµÙŠÙ†ÙŠÙˆÙ† Ø¨ØªØµØ±ÙŠØ­Ø§Øª Ù…Ø³ÙŠØ¦Ø© Ù„Ù„ØºØ§ÙŠØ© Ù„Ù„Ø¯ÙˆÙ„ Ø§Ù„Ø¹Ø±Ø¨ÙŠØ© ØŒ Ù…Ø¹ØªÙ‚Ø¯ÙŠÙ† Ø£Ù† Ø§Ù„Ø¯ÙˆÙ„ Ø§Ù„Ø¹Ø±Ø¨ÙŠØ© ØªØ§Ø¨Ø¹Ø© Ù„Ù„ÙˆÙ„Ø§ÙŠØ§Øª Ø§Ù„Ù…ØªØ­Ø¯Ø©  #å¤§ç¿»è¯‘è¿åŠ¨ #TheGreatTranslationMovement #Ú©Ù…Ù¾ÛŒÙ†Ø¨Ø²Ø±Ú¯ØªØ±Ø¬Ù…Ù‡  https://t.co/VzeKwobBSs,6
125,125,https://twitter.com/TGTM_Official/status/1505170977277231111,2022-03-19,1500639956737597442,44,183,699,å¤©åœ°ä¸æ²¡ï¼Œå±±å·æ— æ”¹ã€‚ â€”â€” é™¶æ¸•æ˜  #TheGreatTranslationMovement  #å¤§ç¿»è¯‘è¿åŠ¨  #å‰å¤§ãªç¿»è¨³é‹å‹•  https://t.co/NbziTycRaT,1
126,126,https://twitter.com/TGTM_Official/status/1505302211781447682,2022-03-19,1500639956737597442,6,54,208,Hey there! big brother is watching you all!! #TheGreatTranslationMovement #å¤§ç¿»è¯‘è¿åŠ¨ #Grandmouvementdetraduction #å‰å¤§ãªç¿»è¨³é‹å‹•  https://t.co/vIGeJqhDjE,2
127,127,https://twitter.com/TGTM_Official/status/1505362834460401664,2022-03-20,1500639956737597442,41,60,214,"Chinese patriot bowing at Huawei outlet to show respect to the home brand. Meanwhile, he does not realize he is wearing Nike sneakers, a brand considered â€˜anti-Chinaâ€™ among patriots. #TheGreatTranslationMovement #å¤§ç¿»è¯‘è¿åŠ¨ #Grandmouvementdetraduction #å‰å¤§ãªç¿»è¨³é‹å‹•  https://t.co/HW9TGwNPLa",2
128,128,https://twitter.com/TGTM_Official/status/1505422937801003010,2022-03-20,1500639956737597442,22,134,350,Harsh racist comments flood over this girl simply because she is Black-Chinese mixed.  #å¤§ç¿»è¯‘è¿åŠ¨ #TheGreatTranslationMovement #BlackLivesMatter #antiracism  https://t.co/cY7mag2IAt,2
129,129,https://twitter.com/TGTM_Official/status/1505485801379053573,2022-03-20,1500639956737597442,12,73,171,ã“ã‚Œã¯ä¸­å›½ãƒãƒƒãƒˆãƒ¦ãƒ¼ã‚¶ãƒ¼é”ã®ã€ã€Œå¤§ç¿»è¨³ã€ã‚’é€šã˜ã¦æ—¥æœ¬äººã«è©±ã—ãŸã„ã“ã¨ã€‚  @Iiyonyon @YoichiTakahashi  @daitojimari   #å¤§ç¿»è¯‘è¿åŠ¨ #TheGreatTranslationMovement  #å‰å¤§ãªç¿»è¨³é‹å‹•  https://t.co/T5u5MIg18T,4
130,130,https://twitter.com/TGTM_Official/status/1505516078897635331,2022-03-20,1500639956737597442,5,56,136,"Veterans only want to be able to defend the country, and only evil people will use this group of good person as bargaining leverage in their hands. @BethanyAllenEbr @deguoziganwu @JackPosobiec  #TheGreatTranslationMovement  #å¤§ç¿»è¯‘è¿åŠ¨ #Grandmouvementdetraduction #å‰å¤§ãªç¿»è¨³é‹å‹•  https://t.co/w2Okx0B7fC",2
131,131,https://twitter.com/TGTM_Official/status/1505556637578260482,2022-03-20,1500639956737597442,6,67,179,Russia's shameless attempts at pointing fingers and manufacturing distraction while committing crimes against humanity. #TheGreatTranslationMovement #å¤§ç¿»è¯‘è¿åŠ¨ #å‰å¤§ãªç¿»è¨³é‹å‹• #Ukraine #UkraineCrisis  https://t.co/Uemo9Thwxz,2
132,132,https://twitter.com/TGTM_Official/status/1505588212370223107,2022-03-20,1500639956737597442,0,1,12,@johnny_onpuchan äº²è‡ªç‚¹èµå¤ªå›,4
133,133,https://twitter.com/TGTM_Official/status/1505611726594617344,2022-03-20,1500639956737597442,5,54,134,ShenZheners are bitter because they are not innocent. #TheGreatTranslationMovement #å¤§ç¿»è¯‘è¿åŠ¨ #Grandmouvementdetraduction #å‰å¤§ãªç¿»è¨³é‹å‹• #HongKong #COVID19  https://t.co/7FgzQ4aq3U,2
134,134,https://twitter.com/TGTM_Official/status/1505665348929957888,2022-03-20,1500639956737597442,6,52,166,When Zelensky demands restoration of territorial integrity... What Chinese think? #TheGreatTranslationMovement #å¤§ç¿»è¯‘è¿åŠ¨  https://t.co/fhM8Et8tjy,2
135,135,https://twitter.com/TGTM_Official/status/1505669990988468225,2022-03-20,1500639956737597442,24,117,298,If you have been killed by a supersonic missile?  What will Chinese think?  Lucky!!! #TheGreatTranslationMovement #å¤§ç¿»è¯‘è¿åŠ¨ #å‰å¤§ãªç¿»è¨³é‹å‹• #Ukraine #UkraineCrisis  https://t.co/dI3QQZRNxO,2
136,136,https://twitter.com/TGTM_Official/status/1505722543826964481,2022-03-21,1500639956737597442,2,24,79,Welcome to #TheGreatTranslationMovement !  #å¤§ç¿»è¯‘è¿åŠ¨,2
137,137,https://twitter.com/TGTM_Official/status/1505745059886809088,2022-03-21,1500639956737597442,9,63,198,A 17 years old Chinese student passed away during internship with a local factory. He was asked to work 12 hours a day and rejected for medical leave.  His family has not yet received any compensation. #å¤§ç¿»è¯‘è¿åŠ¨ #TheGreatTranslationMovement #LaGrandeTraduction #LaGranTraduccion  https://t.co/fp7vjeLVRo,2
138,138,https://twitter.com/TGTM_Official/status/1505831689536573441,2022-03-21,1500639956737597442,10,76,232,From 'unacceptable' to 'acceptable' -- What a translation! (They should seriously consider hiring us)  credit @onionzhu  @StephenMcDonell @goldkorn @sjoerddendaas @Tracy_Wen_Liu @ThisIsWenhao @billbirtles   #RussianUkrainianWar #å¤§ç¿»è¯‘è¿åŠ¨ #TheGreatTranslationMovement  https://t.co/UZcYIwXH6o,2
139,139,https://twitter.com/TGTM_Official/status/1505837726624813058,2022-03-21,1500639956737597442,1,1,2,@Thomasbaeckerr åœ¨åšäº†ğŸ‘Œ,4
140,140,https://twitter.com/TGTM_Official/status/1505879383512588289,2022-03-21,1500639956737597442,6,50,171,"Chinese police violently stormed a mosque in the middle of the night, taking Muslims away. Ø§Ù‚ØªØ­Ù…Øª Ø§Ù„Ø´Ø±Ø·Ø© Ø§Ù„ØµÙŠÙ†ÙŠØ© Ù…Ø³Ø¬Ø¯Ù‹Ø§ Ø¨Ø¹Ù†Ù ÙÙŠ Ù…Ù†ØªØµÙ Ø§Ù„Ù„ÙŠÙ„ ØŒ ÙˆØ£Ø®Ø°Øª Ø§Ù„Ù…Ø³Ù„Ù…ÙŠÙ† Ø¨Ø¹ÙŠØ¯Ù‹Ø§  @RD_turk @Ahmadmuaffaq @WikiRamzi  #å¤§ç¿»è¯‘è¿åŠ¨ #TheGreatTranslationMovement #Ú©Ù…Ù¾ÛŒÙ†Ø¨Ø²Ø±Ú¯ØªØ±Ø¬Ù…Ù‡  https://t.co/S78wdN33v2",6
141,141,https://twitter.com/TGTM_Official/status/1505914154900602890,2022-03-21,1500639956737597442,10,34,158,ä¸­å›½ã®ãƒãƒƒãƒˆã«ã¯ã€Œä¸­å›½ã®ç½å®³ã‚’ç¥ã†ã®ã¯æ—¥æœ¬ã®ä¸»æµã€ã ã¨å«ã‚“ã ãŒã€ã‚‚ã—ã‹ã—ã¦å°äººã®å¿ƒã‚’ä»¥ã¦å›å­ã‚’é‡ã‚‹ã‚“ã˜ã‚ƒãªã„ã‚ˆãª #TheGreatTranslationMovement #å¤§ç¿»è¯‘è¿åŠ¨ #å‰å¤§ãªç¿»è¨³é‹å‹•,4
142,142,https://twitter.com/TGTM_Official/status/1505927209764237313,2022-03-21,1500639956737597442,12,80,222,"More than 11,000 people on Zhihu (China Quora) agree with this guy: International justice worth nothing, #Zelensky doesnâ€™t care about his people, and canâ€™t wait for Russia to win.  #å¤§ç¿»è¯‘è¿åŠ¨  #thegreattranslationmovement #RussianUkrainianWar #PutinHitler  https://t.co/lXHySxcpKC",2
143,143,https://twitter.com/TGTM_Official/status/1505937233177899008,2022-03-21,1500639956737597442,38,223,472,"Other than killing suspects, Chinese police can enforce the law by any means, they are the true Oprichniki of a terrible tsar. #TheGreatTranslationMovement #å¤§ç¿»è¯‘è¿åŠ¨ #Grandmouvementdetraduction #å‰å¤§ãªç¿»è¨³é‹å‹•  https://t.co/WOzLPPxeIq",2
144,144,https://twitter.com/TGTM_Official/status/1505994823962341377,2022-03-21,1500639956737597442,10,115,295,Ukraine Does Not Believe in Tears.  @ZelenskyyUa  @ArthurKei_UA  @sternenko  #TheGreatTranslationMovement #å¤§ç¿»è¯‘è¿åŠ¨ #Grandmouvementdetraduction #å‰å¤§ãªç¿»è¨³é‹å‹•  https://t.co/a9ZPu3y8Zi,2
145,145,https://twitter.com/TGTM_Official/status/1506087243639046144,2022-03-22,1500639956737597442,0,1,2,@JaisTroian @rglucks1 Thanks for your support!,2
146,146,https://twitter.com/TGTM_Official/status/1506103623155339266,2022-03-22,1500639956737597442,14,53,209,"Are Koreans ashamed by their first lady? ìˆ ì‹œì¤‘ ì—¬ì,í•œêµ­ ì˜ë¶€ì¸ì´ ë˜ë‹¤ë‹ˆ.í•œêµ­ ë„¤í‹°ì¦Œ â€œì „ ì„¸ê³„ì— ìª½íŒ”ë¦¬ë‹¤.â€   #å¤§ç¿»è¯‘è¿åŠ¨ #TheGreatTranslationMovement #ëŒ€ë²ˆì—­ìš´ë™  https://t.co/nVngy2HPKr",6
147,147,https://twitter.com/TGTM_Official/status/1506148595908870147,2022-03-22,1500639956737597442,11,62,190,ä¸­å›½ã®ãƒãƒƒãƒˆãƒ¦ãƒ¼ã‚¶ãƒ¼ã«ãƒ˜ã‚¤ãƒˆã‚¹ãƒ”ãƒ¼ãƒã ã¨ä¼ãˆã‚‹ã¨ã€å…ˆã«å¤–å›½äººã«å‘ªã‚ã‚ŒãŸã‹ã‚‰ã ã¨åé§ã•ã‚Œã‚‹ã€‚å®Ÿéš›ã¯ãŸã ã®ãƒ˜ã‚¤ãƒˆå®£ä¼ã‚’å—ã‘ã€VPNã‚‚ä½¿ç”¨ã›ãšå¤–ã®ä¸–ç•Œã‚’è¦‹ãŸã“ã¨ã¯ãªã„ã ã‚ã†ã€‚ @Murai_Gen @S10408978  #TheGreatTranslationMovement #å¤§ç¿»è¯‘è¿åŠ¨ #Grandmouvementdetraduction #å‰å¤§ãªç¿»è¨³é‹è»¢  https://t.co/Y8VxXyhQ4a,4
148,148,https://twitter.com/TGTM_Official/status/1506211349940273156,2022-03-22,1500639956737597442,2,23,123,"Precisely because of COVID &amp; the rise in anti-Asian crimes, TGTM needs to halt China's insistence that it represents all ethnic Chinese. Anti-Asian crimes will keep rising when more people buy China's lie of how ""every Asian should stand by China, lest they get attacked."" @oiwan",2
149,149,https://twitter.com/TGTM_Official/status/1506244550842585093,2022-03-22,1500639956737597442,11,81,260,#Zelenskyy : Formats of compromises in negotiations will be decided by referendum. China netizens be like: ğŸ‘‡   #RussianUkrainianWar #Ukraine #chinazi  #TheGreatTranslationMovement #å¤§ç¿»è¯‘è¿åŠ¨  https://t.co/RZd8x4gNXM,2
150,150,https://twitter.com/TGTM_Official/status/1506329302798790658,2022-03-22,1500639956737597442,2,54,167,"Global Times questions @guardian 's decision of replacing ""Boeing 737"" with ""China Eastern 737"" in its reporting of the recent plane crash in southern China, citing the concern of news manipulation out of business interest done by @Boeing #TheGreatTranslationMovement #å¤§ç¿»è¯‘è¿åŠ¨  https://t.co/J9sQjNA497",2
151,151,https://twitter.com/TGTM_Official/status/1506355710996582405,2022-03-22,1500639956737597442,4,92,248,"""Goodness"",  unrefinable though selection. #TheGreatTranslationMovement #å¤§ç¿»è¯‘è¿åŠ¨ #Grandmouvementdetraduction #å‰å¤§ãªç¿»è¨³é‹å‹•  https://t.co/vQQqF3WuIZ",2
152,152,https://twitter.com/TGTM_Official/status/1506420608107790343,2022-03-23,1500639956737597442,21,319,877,"America gave and America has taken away.  I don't know, blessed be the name of the United States?  #TheGreatTranslationMovement  #Grandmouvementdetraduction  #å¤§ç¿»è¯‘è¿åŠ¨ #RussianUkrainianWar  https://t.co/4arpHUdW8X",2
153,153,https://twitter.com/TGTM_Official/status/1506470687929925634,2022-03-23,1500639956737597442,21,100,481,æ„Ÿè°¢ @Suyutong å’Œ @RFA_Chinese çš„é‡‡è®¿æŠ¥é“ æ€æƒ³ä¸æ€•å­å¼¹ï¼Œè‡ªç”±æ— æƒ§é«˜å¢™ Thank you for supporting us!  #å¤§ç¿»è¯‘è¿åŠ¨ #TheGreatTranslationMovement    https://t.co/Dw6OYM1fR2,1
154,154,https://twitter.com/TGTM_Official/status/1506477899565924355,2022-03-23,1500639956737597442,2,1,5,@try_operation @Eika_HY @Suyutong @RFA_Chinese æ¬¢è¿ä½ å‚ä¸å¤§ç¿»è¯‘è¿åŠ¨å“¦â¤ï¸,1
155,155,https://twitter.com/TGTM_Official/status/1506501814124163079,2022-03-23,1500639956737597442,2,39,183,ã”å¿œæ´ã„ãŸã ãã‚ã‚ŠãŒã¨ã†ã”ã–ã„ã¾ã™ï¼ä»Šå¾Œã‚‚ä¸­å›½ãƒãƒƒãƒˆä¸–è«–ã‚’ã‚ˆã‚Šå¤šãã®äººã«çŸ¥ã‚‰ã›ã‚‹ã‚ˆã†ã«ç¿»è¨³ã—ã¾ã™ï¼  #TheGreatTranslationMovement #å¤§ç¿»è¯‘è¿åŠ¨ #Grandmouvementdetraduction #å‰å¤§ãªç¿»è¨³é‹å‹•,4
156,156,https://twitter.com/TGTM_Official/status/1506523768033726470,2022-03-23,1500639956737597442,23,92,342,"Since TGTM is apparently from Taiwan now, can @iingwen Tsai Ing-wen please send us our replacement passports? #TheGreatTranslationMovement #å¤§ç¿»è¯‘è¿åŠ¨ #Grandmouvementdetraduction #å‰å¤§ãªç¿»è¨³é‹å‹•  https://t.co/Fjj7phOtwj",2
157,157,https://twitter.com/TGTM_Official/status/1506552923743920129,2022-03-23,1500639956737597442,14,110,299,ã©ã‚“ãªå„ªç§€ãªä½œå“ã‚‚ã€€ä¸­å›½ã®ãƒãƒƒãƒˆæ°‘ã‚‚æ”¿æ²»ç«‹å ´ã«ã‚ˆã£ã¦ä½œè€…ã¨å†…å®¹ã‚’å¯©æŸ»ã™ã‚‹ã€‚ ä½œè€…ãŒä¸­å›½ã®æ”¿æ²»æ„è­˜ã«åˆã‚ãªã„ã“ã¨ã«è¬ã‚‹ã¹ãã€€ã•ã‚‚ãªã„ã¨å‘Šç™ºã¨å°æ®ºã«ç›´é¢ã™ã‚‹ã€‚ #å‰å¤§ãªç¿»è¨³é‹å‹• #TheGreatTranslationMovement #å¤§ç¿»è¯‘è¿åŠ¨ #Grandmouvementdetraduction  https://t.co/szXDVBOR7c,4
158,158,https://twitter.com/TGTM_Official/status/1506576447485673473,2022-03-23,1500639956737597442,8,61,204,'NON COMMENTO. Non sono un politico e non lo so.'  Chinese in Italy are asked not to answer questions in street interview regarding #RussianUkrainianWar   #TheGreatTranslationMovement #å¤§ç¿»è¯‘è¿åŠ¨  #MovimentodiTraduzione  https://t.co/hSHfFJGtYg,2
159,159,https://twitter.com/TGTM_Official/status/1506604242525515782,2022-03-23,1500639956737597442,7,78,245,I believe in pride of race and lineage and self: in pride of self so deep as to scorn injustice to other selves. by W.E.B. Du Bois #TheGreatTranslationMovement #å¤§ç¿»è¯‘è¿åŠ¨ #Grandmouvementdetraduction #å‰å¤§ãªç¿»è¨³é‹å‹•  https://t.co/55FZVAzLOo,2
160,160,https://twitter.com/TGTM_Official/status/1506636497839005700,2022-03-23,1500639956737597442,13,80,313,"Girls and Moms talk about how cruel and violent their husbands are, even feel lucky to meet a husband as good as him. #TheGreatTranslationMovement #å¤§ç¿»è¯‘è¿åŠ¨ #Grandmouvementdetraduction #å‰å¤§ãªç¿»è¨³é‹å‹•  https://t.co/GVNy6mBQ3U",2
161,161,https://twitter.com/TGTM_Official/status/1506696928175673345,2022-03-23,1500639956737597442,10,60,206,"Thanks to @NZZ, bringing #TheGreatTranslationMovement to the wider world, we will continue in our fight against Chinese censorship and extremists; let us break the barrier that shields the darkness and bring universal values â€‹into the long-sickened China.  https://t.co/mYoRdxcMvH",2
162,162,https://twitter.com/TGTM_Official/status/1506714154698117122,2022-03-23,1500639956737597442,12,145,363,Chinese support for Russia is not just lip service. #TheGreatTranslationMovement #å¤§ç¿»è¯‘è¿åŠ¨ #Grandmouvementdetraduction #å‰å¤§ãªç¿»è¨³é‹å‹•  https://t.co/Q3xOG0jZd6,2
163,163,https://twitter.com/TGTM_Official/status/1506740158577754112,2022-03-23,1500639956737597442,21,264,614,"Alas, do those people not realize they are literally using phrases that are close to the Nazi theory of Lebensraum?  Out of what sense, would someone have to survive by nuking other countries?  #TheGreatTranslationMovement  #å¤§ç¿»è¯‘è¿åŠ¨ #Grandmouvementdetraduction  https://t.co/f0A1ST95EY",2
164,164,https://twitter.com/TGTM_Official/status/1506783602960392198,2022-03-24,1500639956737597442,9,86,228,1 VS 5100: ë„ëŒ€ì²´ ëˆ„ê°€ ì¼ë¶€ë¶„ì˜ ê·¹ë‹¨ì ì¸ ì–¸ë¡ ì„ ë²ˆì—­í•˜ê³  ìˆëŠ”ê°€? Which side is translating minority comments?  @hwasoplim @phancocksCNN @joshjonsmith   #å¤§ç¿»è¯‘è¿åŠ¨ #TheGreatTranslationMovement #ëŒ€ë²ˆì—­ìš´ë™  https://t.co/R4VI0mdUhD,6
165,165,https://twitter.com/TGTM_Official/status/1506838464192401409,2022-03-24,1500639956737597442,17,152,425,(1/4) How to identify a political infiltration AKA å¢ƒå¤–åŠ¿åŠ›?  People's Public Security University of China crafted this comic with simple explanation. We are here to share these tips so they can be identified on Twitter as well ğŸ˜‰  #å¤§ç¿»è¯‘è¿åŠ¨ #TheGreatTranslationMovement  https://t.co/vZJjor4hDK,2
166,166,https://twitter.com/TGTM_Official/status/1506877462248312834,2022-03-24,1500639956737597442,7,54,185,(2/4) How to identify a political infiltration AKA å¢ƒå¤–åŠ¿åŠ›? Beware of overseas trainings and project collaborations! They are designed to spread dangerous ideas like workers right and unionisation.   #å¤§ç¿»è¯‘è¿åŠ¨ #TheGreatTranslationMovement  https://t.co/g6K0GCBjLW,2
167,167,https://twitter.com/TGTM_Official/status/1506892822384766978,2022-03-24,1500639956737597442,4,46,139,(3/4) How to identify a political infiltration AKA å¢ƒå¤–åŠ¿åŠ›? The idea of workers' right and unionisation from the west is so dangerous that it has become a threat to national security.   #å¤§ç¿»è¯‘è¿åŠ¨ #TheGreatTranslationMovement  https://t.co/oC9TN3epPz,2
168,168,https://twitter.com/TGTM_Official/status/1506900623949660168,2022-03-24,1500639956737597442,4,47,156,(4/4) How to identify a political infiltration AKA å¢ƒå¤–åŠ¿åŠ›? Actively reporting them is a citizen's duty. Everyone can play a part to keep us away from foreign threats.    #å¤§ç¿»è¯‘è¿åŠ¨ #TheGreatTranslationMovement  https://t.co/oL6OUp4zWB,2
169,169,https://twitter.com/TGTM_Official/status/1506924564025995267,2022-03-24,1500639956737597442,9,26,146,å¯æ€œçš„ä¼™ä¼´è¢«å°ç²‰çº¢ä»¬ä¸¾æŠ¥ï¼Œå¯¼è‡´è´¦å·è¢«å°ç¦äº†ï¼Œè¿™æ˜¯ä»–çš„è½¬ç”Ÿå°å·ã€‚,1
170,170,https://twitter.com/TGTM_Official/status/1506939577847906308,2022-03-24,1500639956737597442,18,139,389,Russia and China are friends for one common reason: they both agree that sympathy is a conduct of hypocrite.  #å¤§ç¿»è¯‘è¿åŠ¨ #TheGreatTranslationMovement  https://t.co/LeozhEHRi0,2
171,171,https://twitter.com/TGTM_Official/status/1506962838081835009,2022-03-24,1500639956737597442,14,150,367,"Russian expert? yeah must be true, let's blame the US for everything. #TheGreatTranslationMovement #å¤§ç¿»è¯‘è¿åŠ¨ #Grandmouvementdetraduction #å‰å¤§ãªç¿»è¨³é‹å‹•  https://t.co/VGMf0CJ6fM",2
172,172,https://twitter.com/TGTM_Official/status/1506987113404776453,2022-03-24,1500639956737597442,66,426,1063,"Top 1 search in Weibo today: ""evidence"" purporting that USA created COVID.  #TheGreatTranslationMovement  #å¤§ç¿»è¯‘è¿åŠ¨  #Grandmouvementdetraduction  #ä¼Ÿå¤§ãªç¿»è¨³è¿åŠ¨  https://t.co/TTtKa5St0Z",2
173,173,https://twitter.com/TGTM_Official/status/1507030976823656449,2022-03-24,1500639956737597442,22,98,252,What they don't know is that cannibalism is not a common practice among civilized societies. @JaisTroian @ArthurKei_UA  #TheGreatTranslationMovement #å¤§ç¿»è¯‘è¿åŠ¨ #Grandmouvementdetraduction #å‰å¤§ãªç¿»è¨³é‹å‹•  #UkraineWar #Ukraine  https://t.co/LXKKJdV0u5,2
174,174,https://twitter.com/TGTM_Official/status/1507050253333061653,2022-03-24,1500639956737597442,0,2,22,"@ArthurKei_UA Amidst the darkest moment of Ukraine and China, Your support to us is very appreciated.",2
175,175,https://twitter.com/TGTM_Official/status/1507075746354778131,2022-03-24,1500639956737597442,24,80,265,"Thank Global Times for advertising us to a wider audience! Though, here are some misunderstandings that needs to be cleared. #TheGreatTranslationMovement  #å¤§ç¿»è¯‘è¿åŠ¨  https://t.co/3BektbPuHO",2
176,176,https://twitter.com/TGTM_Official/status/1507157547781869568,2022-03-25,1500639956737597442,25,70,202,"Pro-Ruissa Bilibili users insult Poland with its scar of WW2, showing contempt for Polandâ€™s request for replacing Russia in G20. #TheGreatTranslationMovement #å¤§ç¿»è¯‘è¿åŠ¨ #UkraineRussiaWar #chinazi  https://t.co/DEb3ZjqP2K",2
177,177,https://twitter.com/TGTM_Official/status/1507207898421608451,2022-03-25,1500639956737597442,25,68,208,It is quite a leap of mind to process from 'US found no evidence of Chinese military aid to Russia' to 'US is shamelessly asking for China's help'.  #RussiaUkraineWar #SANCTION  #å¤§ç¿»è¯‘è¿åŠ¨ #TheGreatTranslationMovement  https://t.co/PXFFdOOJ5t,2
178,178,https://twitter.com/TGTM_Official/status/1507274387191644162,2022-03-25,1500639956737597442,54,397,1015,"From top down, all the schools in China must now instil the Most Accurate Memories of the Russian invasion of Ukraine.  @ArthurKei_UA @maxseddon @StephenMcDonell   #RussianUkrainianWar  #å¤§ç¿»è¯‘è¿åŠ¨ #TheGreatTranslationMovement  https://t.co/UGftbUsSk9",2
179,179,https://twitter.com/TGTM_Official/status/1507301263762853891,2022-03-25,1500639956737597442,19,146,408,"@ArthurKei_UA @maxseddon @StephenMcDonell The content includes justifying Russia's invasion as a result of 'running out of diplomatic effort', blaming Ukraine for seeking to join NATO, and US for manipulating behind the scene.  #RussianUkrainianWar  #å¤§ç¿»è¯‘è¿åŠ¨ #TheGreatTranslationMovement  https://t.co/Of9ht3n9hf",2
180,180,https://twitter.com/TGTM_Official/status/1507363675069288454,2022-03-25,1500639956737597442,9,187,429,"@ArthurKei_UA @maxseddon @StephenMcDonell It takes a village to raise a child, and a council of CCP elders to raise the next generation of Understanding The Ukraine Situation Correctly.  #RussianUkrainianWar  #å¤§ç¿»è¯‘è¿åŠ¨ #TheGreatTranslationMovement  https://t.co/ttprmKiNvO",2
181,181,https://twitter.com/TGTM_Official/status/1507373552869253126,2022-03-25,1500639956737597442,38,241,716,"The foreign opinion China chooses to display to its population, Why there is no likes? Who is translating the fringe comments?  (content screenshotted from cctv, a Chinese state-owned broadcaster controlled by the Chinese Communist Party)  #å¤§ç¿»è¯‘è¿åŠ¨ #TheGreatTranslationMovement  https://t.co/eeUx0J4dSX",2
182,182,https://twitter.com/TGTM_Official/status/1507459204591730689,2022-03-25,1500639956737597442,21,223,638,"From time to time, picture does lie, and those photo does not necessarily speak by themselves...  I guess we all have to get used to it?  #TheGreatTranslationMovement  #å¤§ç¿»è¯‘è¿åŠ¨ #RussiaUkraineWar  https://t.co/NXsYWPmGO8",2
183,183,https://twitter.com/TGTM_Official/status/1507480504567746571,2022-03-25,1500639956737597442,16,86,284,"In a few years we will see professors shouting ""The FÃ¼hrer himself and he alone is the German reality, present and future, and its law. Study to know; from now on, all things demand decision, and all action responsibility. Hail Hitler"" #TheGreatTranslationMovement  #å¤§ç¿»è¯‘è¿åŠ¨  https://t.co/8xb7tRvnz4",2
184,184,https://twitter.com/TGTM_Official/status/1507538930261966848,2022-03-26,1500639956737597442,31,237,621,5 millions to Ukraine &amp; 14 millions to Russia - not sure which side is being invaded ğŸ¤”  #RussiaUkraineWar #å¤§ç¿»è¯‘è¿åŠ¨ #TheGreatTranslationMovement  https://t.co/FyXDLqxvQS,2
185,185,https://twitter.com/TGTM_Official/status/1507561049293312007,2022-03-26,1500639956737597442,12,84,253,An example from the results of this new instruction... ...  #RussianUkrainianWar  #å¤§ç¿»è¯‘è¿åŠ¨ #TheGreatTranslationMovement  https://t.co/J2k0bnSh9L,2
186,186,https://twitter.com/TGTM_Official/status/1507577332768288768,2022-03-26,1500639956737597442,35,146,949,æ„Ÿè¬ #æ³¢ç‰¹ç‹ å°å¤§ç¿»è­¯é‹å‹•çš„å®£å‚³ï¼ã€Œåœ¨è¾±è¯èˆ‡å±ˆè¾±ä¹‹é–“ï¼Œä½ é¸æ“‡äº†å±ˆè¾±ï¼Œæœ€çµ‚é‚„æ˜¯è¦é¢å°è¾±è¯çš„ã€‚ã€â€”â€”ç¥ç²‰ç´…æœˆå ±ç³»åˆ—è¶Šè¾¦è¶Šå¥½ï¼ğŸ˜˜  #å¤§ç¿»è¯‘è¿åŠ¨ #TheGreatTranslationMovement    https://t.co/Sm7CuaRnT4,1
187,187,https://twitter.com/TGTM_Official/status/1507601492018147332,2022-03-26,1500639956737597442,23,36,316,"Hey @serpentza @laowhy86 thanks for airing us on your last podcast. Canâ€™t express enough gratitude on your support since we were small. And congrats on Winston for hitting 1,000,000 followers on YouTube ğŸ‰ ğŸ‰ğŸ‰  #å¤§ç¿»è¯‘è¿åŠ¨ #TheGreatTranslationMovement    https://t.co/9CEAGkhKmf",2
188,188,https://twitter.com/TGTM_Official/status/1507645532088385540,2022-03-26,1500639956737597442,43,309,852,Conspiracy circulating on China social media that #COVID19 is a bio-weapon against Chinese gene. Netizens claim it is designed to attack reproductive system and therefore a genocide on Chinese. Hmmm I am scared now.ğŸ˜…  #å¤§ç¿»è¯‘è¿åŠ¨  #TheGreatTranslationMovement  https://t.co/lzFiixbv2Q,2
189,189,https://twitter.com/TGTM_Official/status/1507794985269219330,2022-03-26,1500639956737597442,10,164,459,"Yin Ye, University of Copenhagen PhD in Bioengineering, also the CEO of BGI Group (one of the biggest life sciences companies in China), got banned after refuting the theory that Moderna created the virus of Covid-19. He has 859k followers on Weibo. #TheGreatTranslationMovement  https://t.co/LgnUuCALwA",2
190,190,https://twitter.com/TGTM_Official/status/1507812681553694731,2022-03-26,1500639956737597442,10,140,421,"So itâ€˜s said that the lobster imported from the United States carried COVID, but the customs officials at the time did not know nor detect it? This report comes from China Daily, not cherry picking, right?  #TheGreatTranslationMovement  #å¤§ç¿»è¯‘è¿åŠ¨  https://t.co/WZxjHHvrP7",2
191,191,https://twitter.com/TGTM_Official/status/1507813313564053511,2022-03-26,1500639956737597442,2,14,98, https://t.co/E2ovUfNDFW   This is the COVID lobster video in case anyone is interested,2
192,192,https://twitter.com/TGTM_Official/status/1507861245625569283,2022-03-26,1500639956737597442,112,313,757,"Seriously, she should delete this video and just shut up if she wants to keep her beloved Russia secretly fed by the hands of China because if the West finds out, China would be sanctioned soon. #TheGreatTranslationMovement #å¤§ç¿»è¯‘è¿åŠ¨ #UkraineRussiaWar  https://t.co/MIlGP7UglO",2
193,193,https://twitter.com/TGTM_Official/status/1507863580288466954,2022-03-26,1500639956737597442,5,23,168,"Also, ending an investment promotion video with an insincere ""Trust me""? Someone help her with scripting, please.",2
194,194,https://twitter.com/TGTM_Official/status/1507906083800731651,2022-03-27,1500639956737597442,27,311,955,Bigmouth American imperialism strikes again  #å¤§ç¿»è¯‘è¿åŠ¨ #TheGreatTranslationMovement  https://t.co/C2at1Js6A8,2
195,195,https://twitter.com/TGTM_Official/status/1507935190685044737,2022-03-27,1500639956737597442,17,149,459,ä¸­å›½æ”¿åºœæ©Ÿé–¢ã®å…¬å¼ã‚¢ã‚«ã‚¦ãƒ³ãƒˆã¯ã€æ—¥æœ¬ã®ç½å®³ã«ãƒã‚«é¨’ãã—ãŸã€‚ ä¸­å›½æ”¿åºœã¯ã„ã¤ã‚‚ã€Œä¸­å›½ä¾®è¾±ã€ã§å¤–å›½ã«æŠ—è­°ã—ãªãŒã‚‰ã€ã“ã‚“ãªå®£ä¼ã‚’ã—ã¦ã„ã‚‹ã‚“ã ã€‚@Murai_Genã€€@S10408978 #å¤§ç¿»è¯‘è¿åŠ¨ #ä¼Ÿå¤§ãªç¿»è¨³è¿åŠ¨ #TheGreatTranslationMovement #ä¸­å›½ä¾®è¾±  https://t.co/LOFqnxnhww,4
196,196,https://twitter.com/TGTM_Official/status/1507983257542881326,2022-03-27,1500639956737597442,29,147,553,ã€ç¬‘åŠ‡ã€‘ä¸­å›½ã«æ–°ãŸã«å°å…¥ã—ãŸã€ã‚³ãƒ­ãƒŠã«åŠ¹æœçš„ãªç§˜å¯†å…µå™¨ã¨ã¯!? æ¯æ—¥ã“ã‚Œã ã‘ã®ãƒ‡ãƒ¼ã‚¿ï¼ˆæ„å‘³æ·±ï¼‰ã«ç›®ã‚’é€šã™ã®ã ã‹ã‚‰ã€ã•ãå¤§å¤‰ã§ã—ã‚‡ã†ã€‚ ï¼ˆã‚¨ãƒ­ã‚ã‚Šè¦æ³¨æ„ï¼‰ #TheGreatTranslationMovement #å¤§ç¿»è¯‘è¿åŠ¨ #å‰å¤§ãªç¿»è¨³é‹å‹• #Covid_19  https://t.co/vcHBI3vpbF,4
197,197,https://twitter.com/TGTM_Official/status/1508025787819118592,2022-03-27,1500639956737597442,21,154,493,You know there is no limit in Russia-China relationship when Putin start to point itâ€™s finger to #Japan for no valid reason.   #RussiaUkraineWar   #å¤§ç¿»è¯‘è¿åŠ¨ #TheGreatTranslationMovement  https://t.co/3aRgr26tbC,2
198,198,https://twitter.com/TGTM_Official/status/1508070582918680579,2022-03-27,1500639956737597442,12,88,306,"The fantasies of geopolitics: China's idolatry of &amp; admiration for Alexander Dugin, ""master manipulator"" behind the Russia-Ukraine war  #å¤§ç¿»è¯‘è¿åŠ¨ #TheGreatTranslationMovement  https://t.co/W1a8hfGkjH",2
199,199,https://twitter.com/TGTM_Official/status/1508129481147441155,2022-03-27,1500639956737597442,17,134,392,Itâ€™s none of Bidenâ€™s business to ask Putin to step down because Biden isnâ€™t a Russian citizenâœ… But itâ€™s of these Chinese nazisâ€™ business to support Putin staying in power becauseâ€¦â“â“â“ #TheGreatTranslationMovement #UkraineWar #Chinazi #å¤§ç¿»è¯‘è¿åŠ¨  https://t.co/qcd0o05MVG,2
200,200,https://twitter.com/TGTM_Official/status/1508129706905939972,2022-03-27,1500639956737597442,7,25,171,"Also, I heard Putin is running out of conscripts in his war, which makes him look bad and endangers his power domestically. To secure Putin's grip on power, maybe itâ€™s time for these Chinazis to put their words into action by going to Ukraine to fight (die) for Putin?",2
201,201,https://twitter.com/TGTM_Official/status/1508251170627891206,2022-03-28,1500639956737597442,21,81,433,Rate of friendliness: 29/20000  #TheGreatTranslationMovement  #å¤§ç¿»è¯‘è¿åŠ¨  #å‰å¤§ãªç¿»è¨³é‹å‹•  https://t.co/IQjQbLTwZu,2
202,202,https://twitter.com/TGTM_Official/status/1508286757237886984,2022-03-28,1500639956737597442,12,147,399,"Harsh and cruel lockdown policy under Zero-Covid China. If you miss out on one #COVID19 test, your health status becomes yellow and you are sealed into your house.  #TheGreatTranslationMovement  #å¤§ç¿»è¯‘è¿åŠ¨  #å‰å¤§ãªç¿»è¨³é‹å‹•  https://t.co/dFYOPWQzvW",2
203,203,https://twitter.com/TGTM_Official/status/1508296111844659204,2022-03-28,1500639956737597442,488,1827,7538,è¯·æ¬£èµè¿‘æ—¥å¤§ç¿»è¯‘è¿åŠ¨åœ¨ä¸­å›½å¢ƒå†…å–å¾—çš„æˆæœï¼ˆç¬¬ä¸€æœŸï¼‰ ç¿»è¯‘ç´ æè¢«é”€æ¯ï¼Œè¿™æ°æ°æ˜¯å¯¹å¤§ç¿»è¯‘è¿åŠ¨æœ€å¥½çš„é¼“åŠ±   #TheGreatTranslationMovement  #å¤§ç¿»è¯‘è¿åŠ¨  https://t.co/c6d4heqNzb,1
204,204,https://twitter.com/TGTM_Official/status/1508323636905910280,2022-03-28,1500639956737597442,19,135,551,è¯·è®¤å‡†å¤§ç¿»è¯‘è¿åŠ¨å”¯ä¸€å®˜å·ï¼Œæˆ‘ä»¬ä¸ä¼šå‘ä»¥ä»»ä½•æ–¹å¼ç´¢å–ä¸ªäººä¿¡æ¯å’Œé‡‘å…ƒ,1
205,205,https://twitter.com/TGTM_Official/status/1508350678674157573,2022-03-28,1500639956737597442,22,238,620,"Commentary on China state media: Ukraine can endure for so long, only because Putin is benevolent.  #TheGreatTranslationMovement  #å¤§ç¿»è¯‘è¿åŠ¨  #å‰å¤§ãªç¿»è¨³é‹å‹•  https://t.co/iwDipAsJT5",2
206,206,https://twitter.com/TGTM_Official/status/1508384149442244612,2022-03-28,1500639956737597442,44,274,940,"(Not our words) 'The people that understand Putin the most are not young Russian people, but young Chinese people'  #TheGreatTranslationMovement  #å¤§ç¿»è¯‘è¿åŠ¨  #å‰å¤§ãªç¿»è¨³é‹å‹•  https://t.co/fIqWy5pn5V",2
207,207,https://twitter.com/TGTM_Official/status/1508433222677323778,2022-03-28,1500639956737597442,137,602,1679,"This primary school kid in China has a dream of nuking the US.  The question is, where does this idea come from?  #å¤§ç¿»è¯‘è¿åŠ¨ #TheGreatTranslationMovement  https://t.co/VT1pXUhgcM",2
208,208,https://twitter.com/TGTM_Official/status/1508458902429609992,2022-03-28,1500639956737597442,24,205,746,"Behold, Chinese judging the freedom of speech in other country #TheGreatTranslationMovement #å¤§ç¿»è¯‘è¿åŠ¨ #UkraineRussiaWar  https://t.co/xG9CsYxdGy",2
209,209,https://twitter.com/TGTM_Official/status/1508489096078893065,2022-03-28,1500639956737597442,22,295,743,"While every rational human being would dread to think of even the possibility of a nuclear WW3, apparently #Chinazi wonâ€™t be one of them.  #TheGreatTranslationMovement #å¤§ç¿»è¯‘è¿åŠ¨ #UkraineRussiaWar  https://t.co/sRBn15NNUm",2
210,210,https://twitter.com/TGTM_Official/status/1508519295025913860,2022-03-28,1500639956737597442,34,293,829,"In a time of global economic sanctions against Russia, official Chinese state media reports openly on Chinese trade support for Russia #TheGreatTranslationMovement #å¤§ç¿»è¯‘è¿åŠ¨ #UkraineRussiaWar  https://t.co/XmJZZWd6Kx",2
211,211,https://twitter.com/TGTM_Official/status/1508549494945763332,2022-03-28,1500639956737597442,23,282,818,They aren't even pretending to be neutral anymore #TheGreatTranslationMovement #å¤§ç¿»è¯‘è¿åŠ¨ #UkraineRussiaWar  https://t.co/aJEnt09OyA,2
212,212,https://twitter.com/TGTM_Official/status/1508579693561327617,2022-03-28,1500639956737597442,109,672,1599,"Wonder who gave them the EXACT same script to glorify Russian aggression? Anyway, it seems that a lot of Chinese people fall for it hook, line and sinker... #TheGreatTranslationMovement #å¤§ç¿»è¯‘è¿åŠ¨ #UkraineRussianWar  https://t.co/RoBOM07mfS",2
213,213,https://twitter.com/TGTM_Official/status/1508609890620694536,2022-03-29,1500639956737597442,196,611,1701,"Before Russia invaded Ukraine, in his comment on Biden's prediction of Russia's invasion, popular Chinese journalist @HuXijin_GT, who is affiliated with CCP, ridiculed the prediction as another lie told by the West. #TheGreatTranslationMovement #å¤§ç¿»è¯‘è¿åŠ¨ #UkraineRussianWar  https://t.co/yJpqaaE7Ua",2
214,214,https://twitter.com/TGTM_Official/status/1508640092944011264,2022-03-29,1500639956737597442,17,112,391,Students were forced to sing songs and dance in front of the COVID testing staff. #TheGreatTranslationMovement #å¤§ç¿»è¯‘è¿åŠ¨ #COVID19 #chinalockdown  https://t.co/11q6m0QC6N,2
215,215,https://twitter.com/TGTM_Official/status/1508670285586722824,2022-03-29,1500639956737597442,49,281,867,Extremely popular Chinese vlogger is spreading Russia-made conspiracy theories targeting Ukraine to his 788k followers. His channel on Bilibili (Chinese YouTube) has a total of 38m view counts and 4.7m likes. #TheGreatTranslationMovement #å¤§ç¿»è¯‘è¿åŠ¨ #UkraineRussianWar  https://t.co/6YNqMqFVSr,2
216,216,https://twitter.com/TGTM_Official/status/1508684858113290243,2022-03-29,1500639956737597442,1,1,12,@CarlGuan81 ç¡®å®æ˜¯ç¿»è¯‘å‡ºé”™äº†ï¼Œæ„Ÿè°¢æŒ‡æ­£ğŸ™,1
217,217,https://twitter.com/TGTM_Official/status/1508700484776837121,2022-03-29,1500639956737597442,44,286,922,Comment on the Mar 24 NATO summit from CCTV News (one of China's largest state media groups): No more dates with outdated NATO ğŸ¥€ #TheGreatTranslationMovement #å¤§ç¿»è¯‘è¿åŠ¨ #UkraineRussianWar  https://t.co/V2ZY0K9gLK,2
218,218,https://twitter.com/TGTM_Official/status/1508730686852636672,2022-03-29,1500639956737597442,25,75,392,How on earth can this get 2k+ likes...??? Is it some newly discovered fetish?   @max_katz @ArthurKei_UA @maxseddon   #TheGreatTranslationMovement #å¤§ç¿»è¯‘è¿åŠ¨ #UkraineRussianWar  https://t.co/a7xzEFhmhL,2
219,219,https://twitter.com/TGTM_Official/status/1508771496927264772,2022-03-29,1500639956737597442,37,122,751,æ„Ÿè°¢@wuyuesanren å¯¹å¤§ç¿»è¯‘è¿åŠ¨çš„æ”¯æŒï¼ æ­£å¦‚äº”å²³æ•£äººæ‰€è¯´ï¼šâ€œå¤§é‡ç»™å¢ƒå¤–åŠ¿åŠ›é€’å„ç§åˆ€å­çš„æ´»åŠ¨ï¼Œæ˜¯åœ¨æ‘§æ¯é‚£ä¸ªåˆ¶é€ åˆ€å­çš„æ–‡åŒ–ä¸ç¯å¢ƒâ€ #TheGreatTranslationMovement  #å¤§ç¿»è¯‘è¿åŠ¨  #å‰å¤§ãªç¿»è¨³é‹å‹•   https://t.co/XtHKOw619P,1
220,220,https://twitter.com/TGTM_Official/status/1508774254820483074,2022-03-29,1500639956737597442,10,81,243,ã“ã‚Œã¯æ—¥æœ¬æ”¿åºœã¨æ—¥æœ¬äººã¯ä¸­å›½ã‚’ç”˜ã‚„ã‹ã—ãŸçµæœã€‚ ä¸­å›½æ”¿åºœã¯åæ—¥å®£ä¼ã‚’é€šã—ã¦ãƒ•ã‚¡ã‚·ã‚ºãƒ æ€æƒ³ã‚’å”±ãˆã€ã„ã¤ã‹æ—¥æœ¬ã§ã‚¸ã‚§ãƒã‚µã‚¤ãƒ‰ã‚’è¡Œã„ãŸã„ã ã‚ã† @takaichi_sanaeã€€@KadotaRyushoã€€@liyonyon #TheGreatTranslationMovement  #å¤§ç¿»è¯‘è¿åŠ¨  #å‰å¤§ãªç¿»è¨³é‹å‹•,4
221,221,https://twitter.com/TGTM_Official/status/1508777491053232130,2022-03-29,1500639956737597442,23,162,497,Daily mission: Blame America for everything.  @JackPosobiec @StephenMcDonell @evadou   #TheGreatTranslationMovement #å¤§ç¿»è¯‘è¿åŠ¨ #COVID19 #ChinaCovid  https://t.co/GqhhdrGJTF,2
222,222,https://twitter.com/TGTM_Official/status/1508791584309096453,2022-03-29,1500639956737597442,19,186,771,#å¤§ç¿»è¯‘è¿åŠ¨ è·å¾—æ—¥æœ¬åª’ä½“çš„æ·±åº¦æŠ¥é“  å®‰ç”°å³°ä¿Šã•ã‚“@YSD0118ã«å ±é“ã—ã¦ã„ãŸã ãã‚ã‚ŠãŒã¨ã†ã”ã–ã„ã¾ã™ï¼ ç§ãŸã¡ã¯ä¸­å›½ã®çœŸå®Ÿã‚’ã‚ˆã‚Šå¤šãã®äººã«ä¼ãˆã‚‹ãŸã‚ã«ä¸€ç”Ÿæ‡¸å‘½ã—ã¦ã€ã„ã¤ã‚‚ãƒ¡ãƒ‡ã‚£ã‚¢ã®å–æã‚’æ­“è¿ã—ã¾ã™ã€‚ #TheGreatTranslationMovement   #å‰å¤§ãªç¿»è¨³é‹å‹•,4
223,223,https://twitter.com/TGTM_Official/status/1508800486874697733,2022-03-29,1500639956737597442,61,306,1410,#å¤§ç¿»è¯‘è¿åŠ¨ çš„æ—¥æ–‡æ·±åº¦æŠ¥é“å¾—åˆ°äº†é›…è™æ–°é—»çš„è½¬è½½ã€‚ çŸ­æ—¶é—´å†…æ”¶è·äº†è¶…è¿‡380æ¡è¯„è®ºï¼Œè£ç™»é›…è™æ–°é—»â€œå›½å†…æ‚å¿—å®æ—¶çƒ­åº¦æ¦œâ€ç¬¬2å #TheGreatTranslationMovement   #å‰å¤§ãªç¿»è¨³é‹å‹•  https://t.co/KboFlx0TBs,1
224,224,https://twitter.com/TGTM_Official/status/1508824299616063489,2022-03-29,1500639956737597442,48,159,572,"""Growing up in China is such a blessing"": some Chinese netizens expressed their approval of the governmentâ€™s handling of the recent plane crash although the list of victims and cause of the accident, at least when the screenshot was taken, were not yet available.#ChinaPlaneCrash  https://t.co/6LAesfhcXW",2
225,225,https://twitter.com/TGTM_Official/status/1508874631280828418,2022-03-29,1500639956737597442,60,410,1336,"I dunno China, making fun of burning corpse isn't a lit thing to do, unless you want to get lit that is. Get it? Lit? Ok I'll show myself out...  @taran_adarsh @theprintindia @sangpran @tarafdarm  #TheGreatTranslationMovement #å¤§ç¿»è¯‘è¿åŠ¨ #COVID19 #AntiHuman #psychopathic #China  https://t.co/KNk0OogBp6",2
226,226,https://twitter.com/TGTM_Official/status/1508905081822801922,2022-03-29,1500639956737597442,39,316,934,We have received feedback that there are pro-Ukraine people in China. We found them and this is how they are treated. #TheGreatTranslationMovement #å¤§ç¿»è¯‘è¿åŠ¨ #UkraineRussiaWar  https://t.co/yerxwUbI2m,2
227,227,https://twitter.com/TGTM_Official/status/1508935280811778056,2022-03-29,1500639956737597442,149,673,1550,"This is an example of how #Chinazi poison their youth: Speak with a soft soothing voice and play a piece of lighthearted music, while implanting violence, hate, and lies into the innocent minds. #TheGreatTranslationMovement #å¤§ç¿»è¯‘è¿åŠ¨ #UkraineRussiaWar  https://t.co/1XPEhaxmPt",2
228,228,https://twitter.com/TGTM_Official/status/1508965480094060546,2022-03-30,1500639956737597442,38,226,830,Some Chinese netizens think they know Russians better than Russians know themselves. #TheGreatTranslationMovement #å¤§ç¿»è¯‘è¿åŠ¨ #UkraineRussiaWar  https://t.co/2Bkex3dXQx,2
229,229,https://twitter.com/TGTM_Official/status/1508995679246454786,2022-03-30,1500639956737597442,87,545,1664,Heartless and inhumane Bilibili comments on the #911attack tragedy. It is unimaginable how any human being could say such things. #TheGreatTranslationMovement #å¤§ç¿»è¯‘è¿åŠ¨ #AntiHuman #psychopathic #China  https://t.co/HW4PRUUYSC,2
230,230,https://twitter.com/TGTM_Official/status/1509025877639647237,2022-03-30,1500639956737597442,122,919,2438,China netizens cheering online over Russia launching missiles on Ukraine. Look at the number of likes they earned! #TheGreatTranslationMovement #å¤§ç¿»è¯‘è¿åŠ¨ #UkraineRussiaWar  https://t.co/T8vwDQRNvt,2
231,231,https://twitter.com/TGTM_Official/status/1509059846892851206,2022-03-30,1500639956737597442,0,3,25,@crehage Bro thanks so much for your support,2
232,232,https://twitter.com/TGTM_Official/status/1509063752494501888,2022-03-30,1500639956737597442,15,22,336,@__Inty__ æ„Ÿè°¢æ¨å¹¿â¤ï¸,1
233,233,https://twitter.com/TGTM_Official/status/1509067149867773952,2022-03-30,1500639956737597442,49,303,919,"The Russian souvenir online shop in China has received unprecedented popularity, even the person in charge has to call for 'rational shopping'.   @maxseddon @max_katz @ArthurKei_UA  #å¤§ç¿»è¯‘è¿åŠ¨ #TheGreatTranslationMovement  https://t.co/dvrutXiDsh",2
234,234,https://twitter.com/TGTM_Official/status/1509120249609666560,2022-03-30,1500639956737597442,48,306,988,"""Absolutely no sign of an independent and autonomous Germany"", ""American papa hasn't finished writing the script for you yet"" ... Chinese netizens mercilessly pile-on the Weibo account of the German embassy in China @crehage @StuartKLau   #TheGreatTranslationMovement #å¤§ç¿»è¯‘è¿åŠ¨  https://t.co/i7FRXQlZec",2
235,235,https://twitter.com/TGTM_Official/status/1509161021394460674,2022-03-30,1500639956737597442,23,254,735,"Monetary rewards encouraging people to report one another, fostering distrust in society, do we really want another generation of Stasi surveillance informants?  @lizalinwsj @StephenMcDonell @sjoerddendaas  #å¤§ç¿»è¯‘è¿åŠ¨ #TheGreatTranslationMovement  #COVID19 #chinalockdown  https://t.co/qYHXfvyVVJ",2
236,236,https://twitter.com/TGTM_Official/status/1509181307326464004,2022-03-30,1500639956737597442,112,745,2651,å¤§ç¿»è¯‘è¿åŠ¨ä¸‹ä½ èƒ½åšä»€ä¹ˆï¼Ÿ ç´ æç±»ç§ä¿¡æŠ•ç¨¿ï¼Œæˆå“æ¨æ–‡åˆ™é™„ä¸Šä»¥ä¸‹æ ‡ç­¾ #å¤§ç¿»è¯‘è¿åŠ¨  #TheGreatTranslationMovement #å‰å¤§ãªç¿»è¨³é‹å‹•  #LaGrandeTraduction   ä¸ä¼šå¤–æ–‡åªä¼šä¸­æ–‡çš„è¯ï¼Œå¸Œæœ›è½¬å‘ï¼Œç²˜è´´åˆ°å„å›½ä¸»æµåª’ä½“ä¸‹é¢ã€‚,1
237,237,https://twitter.com/TGTM_Official/status/1509182469509365764,2022-03-30,1500639956737597442,25,57,616,æ¨ç‰¹ä¸æ”¯æŒé•¿å›¾ï¼Œè¯·æŠ•ç¨¿è€…åšå¥½å›¾ç‰‡åˆ†å‰²  æ¸…æ™°åº¦æŸå¤±ä¸å¯é€†ï¼Œæ‰€ä»¥è¯·å¦¥å–„æŠ•ç¨¿,1
238,238,https://twitter.com/TGTM_Official/status/1509189203938136068,2022-03-30,1500639956737597442,16,168,386,"'#COVID19 is bio warfare designed by US, and those propose to live with COVID must be brainwashed by the west', said Shenzhen official health commission.   #TheGreatTranslationMovement #å¤§ç¿»è­¯é‹å‹•",2
239,239,https://twitter.com/TGTM_Official/status/1509241045476855808,2022-03-30,1500639956737597442,34,279,744,[What parallel universe is this?] A Bilibili user praises the Russian soldiers as Good Samaritans in Ukraine and receives 3661 likes.   #TheGreatTranslationMovement #å¤§ç¿»è¯‘è¿åŠ¨ #UkraineRussianWar #ThisIsChina #paralleluniverse  https://t.co/XVya1KOtKL,2
240,240,https://twitter.com/TGTM_Official/status/1509305722038853638,2022-03-30,1500639956737597442,4,55,198,Complot circulant sur les rÃ©seaux sociaux chinois selon lequel le #COVID19 est une arme biologique contre les gÃ¨nes chinois. Les internautes affirment que le virus a Ã©tÃ© conÃ§u pour attaquer le systÃ¨me reproducteur des Chinois. ğŸ˜†  #TheGreatTranslationMovement #LaGrandeTraduction  https://t.co/ZK0ET1VJPt,6
241,241,https://twitter.com/TGTM_Official/status/1509357814875045894,2022-03-31,1500639956737597442,32,255,859,í•œêµ­ì—ì„œ ë°œìƒí•œ ì‚°ë¶ˆì´ ì›ìë ¥ ë°œì „ì†Œë¡œ í™•ì‚° ë˜ê³  ìˆëŠ” ìœ„ê¸‰í•œ ìƒí™©ì—ì„œ ì¤‘êµ­ì¸ë“¤ì€ ë¹„ì›ƒê³  ìˆë‹¤.  China Netizen cheering series: Episode 'Korea mountain fire'  #å¤§ç¿»è¯‘è¿åŠ¨ #TheGreatTranslationMovement #ëŒ€ë²ˆì—­ìš´ë™  https://t.co/EoTNpaRA1T,6
242,242,https://twitter.com/TGTM_Official/status/1509360970098884611,2022-03-31,1500639956737597442,14,6,285,@badiucao éå¸¸æ„Ÿè°¢æ‚¨çš„æ”¯æŒâ¤ï¸,1
243,243,https://twitter.com/TGTM_Official/status/1509367011478208515,2022-03-31,1500639956737597442,110,60,366,æœ‰å…³å® ç‰©ç›¸å…³çš„æŠ•ç¨¿ï¼Œæ¨èå¤§å®¶ç§ä¿¡ç²˜è´´åˆ°ä»¥ä¸‹è´¦å· @Number10cat è‹±å›½å†…é˜åäº”å²çš„è™æ–‘çŒ«larryçš„è´¦å·ï¼Œå®ƒä¼šç»å¸¸å’Œæ¨å‹äº’åŠ¨ç»å¸¸å˜²ç¬‘è‹±å›½æ”¿åºœ å‰©ä¸‹ä¸¤ä¸ªæ˜¯ æ¨ç‰¹é¡¶æµæ°‘é—´åŠ¨ä¿è´¦å· @dodo @dog_rates,1
244,244,https://twitter.com/TGTM_Official/status/1509403113450577928,2022-03-31,1500639956737597442,22,163,525,"ã€Trust the science? NO, because a country's honor comes before scientific proofsã€‘ Some Weibo users make fun of a Covid patient after she shared her positive experience of taking Pfizer's Covid pill Paxlovid. #TheGreatTranslationMovement #å¤§ç¿»è¯‘è¿åŠ¨ #Covid_19 #ChinaCovid  https://t.co/xtjyryfqqu",2
245,245,https://twitter.com/TGTM_Official/status/1509448411971530752,2022-03-31,1500639956737597442,134,763,2304,"Here is poll on Bilibili (Chinese equivalent to YouTube) asking ""Who is to blame for the Russia-Ukraine conflict?"". 2433 users voted and the ""winner"" iiiiiiiiiiiiis â€” wait do you really have to guess? â€” the US, of course. #TheGreatTranslationMovement #å¤§ç¿»è¯‘è¿åŠ¨ #UkraineRussiaWar  https://t.co/6tNJCRPqTQ",2
246,246,https://twitter.com/TGTM_Official/status/1509485667444682752,2022-03-31,1500639956737597442,322,1720,4699,"According to Chinese state-owned broadcaster CCTV, US ranks world No. 1 in all the worst metrics possible. Since it is such a shitty place, why are they so obsessed with it? ğŸ¤” @JackPosobiec @serpentza @marcorubio @sjoerddendaas   #TheGreatTranslationMovement #å¤§ç¿»è¯‘è¿åŠ¨  https://t.co/Au7XLTDOSW",2
247,247,https://twitter.com/TGTM_Official/status/1509513545490305026,2022-03-31,1500639956737597442,2,216,2081,#å¤§ç¿»è¯‘è¿åŠ¨ ç°åœ¨æœªå…¬å¼€ä»»ä½•Facebookä¸Telegramç¾¤ç»„ï¼Œä¸€åˆ‡ä»¥å®˜æ–¹å…¬å¸ƒä¸ºå‡†ã€‚ç›®å‰åªæ¥å—Twitterç§ä¿¡æŠ•ç¨¿ã€‚,1
248,248,https://twitter.com/TGTM_Official/status/1509513792027348992,2022-03-31,1500639956737597442,2,55,314,"We are temporarily NOT offering invitations into our Facebook &amp; Telegram groups. All official correspondence is through Twitter. For now we only communicate via Twitter DMs, including contributions of material.",2
249,249,https://twitter.com/TGTM_Official/status/1509528187532894209,2022-03-31,1500639956737597442,70,500,1443,Why #Chinazi are so obsessed with throwing nuclear bombs? #TheGreatTranslationMovement #å¤§ç¿»è¯‘è¿åŠ¨  https://t.co/QrJXZbB84m,2
250,250,https://twitter.com/TGTM_Official/status/1509568452817666048,2022-03-31,1500639956737597442,24,193,574,The consequence of cultivating a country of nationalistic tankies: They now believe everything imported from the West is evil. They protest vehemently against #Shanghai's government importing #COVID19  vaccines. @JackPosobiec @evadou  #å¤§ç¿»è¯‘è¿åŠ¨ #TheGreatTranslationMovement  https://t.co/lzcJrKi9EI,2
251,251,https://twitter.com/TGTM_Official/status/1509613751460237330,2022-03-31,1500639956737597442,34,301,911,"Who says Chinese have not taken a stand in the Russian-Ukrainian war? The people have spoken, and the world will hear them.  @maxseddon @max_katz @ArthurKei_UA  #TheGreatTranslationMovement #å¤§ç¿»è¯‘è¿åŠ¨  https://t.co/pQsO9MKCZh",2
252,252,https://twitter.com/TGTM_Official/status/1509659303128363039,2022-03-31,1500639956737597442,57,470,1431,How to infuriate US and Japan in one line? China MFA and netizen made it together ğŸ¤œğŸ¤›  #å¤§ç¿»è¯‘è¿åŠ¨ #TheGreatTranslationMovement  https://t.co/Bjorr7NNUA,2
253,253,https://twitter.com/TGTM_Official/status/1509704348573478917,2022-04-01,1500639956737597442,40,320,885,"Bilibili may be the only place on Earth where you can find so many experts having intellectual discussions on the ""dark truth"" of supposed connections between America's alleged bio labs and the COVID vaccine. #TheGreatTranslationMovement #å¤§ç¿»è¯‘è¿åŠ¨ #ConspiracyTheories  https://t.co/KOW241q0O7",2
254,254,https://twitter.com/TGTM_Official/status/1509777580831830024,2022-04-01,1500639956737597442,41,292,921,More proof that Putin has die-hard stans in China. #TheGreatTranslationMovement #å¤§ç¿»è¯‘è¿åŠ¨ #UkraineRussiaWar  https://t.co/lDiNCvuLyr,2
255,255,https://twitter.com/TGTM_Official/status/1509810044698648578,2022-04-01,1500639956737597442,42,285,832,"Do Chechnya soldiers have any fans in Ukraine? Yes, according to Chinese netizens. #TheGreatTranslationMovement #å¤§ç¿»è¯‘è¿åŠ¨ #UkraineRussiaWar  https://t.co/S1ImwdeFu1",2
256,256,https://twitter.com/TGTM_Official/status/1509848059039162371,2022-04-01,1500639956737597442,374,1620,6657,å¤§ç¿»è¯‘è¿åŠ¨å¯¹é€†è´¼â€œäººæ°‘æ—¥æŠ¥â€ä½œå‡ºä»¥ä¸‹æ‰¹ç¤ºï¼Œå¬å¥½ï¼š è‰¯å¿ƒæ¯”åˆå¿ƒæ›´å¯è´µï¼Œå¤©å‘½æ¯”ä½¿å‘½æ›´éš¾è¿ã€‚é•¿æ±Ÿé»„æ²³ä¸ä¼šå€’æµï¼Œå¤§ç¿»è¯‘çš„æµªæ½®ç»ä¸å›å¤´ã€‚è¿™ä¸–é—´çš„å–„æ¶æœ€ç»ˆéƒ½è¦æœ‰ä¸€ä¸ªäº¤ä»£ï¼Œè¯¥æ¥çš„éƒ½è¦æ¥ã€‚ #å¤§ç¿»è¯‘è¿åŠ¨ #TheGreatTranslationMovement  https://t.co/5FEfVNmQIN,1
257,257,https://twitter.com/TGTM_Official/status/1509885542170865665,2022-04-01,1500639956737597442,31,327,861,"The government of Langfang issued a mandate on the culling of all Covid patients' pets. We would like to point out similar mandates have been issued in the past in other cities ( https://t.co/lUKJg3a2fE,  https://t.co/NpiLmr6AsQ)#TheGreatTranslationMovement #å¤§ç¿»è¯‘è¿åŠ¨ #ThisIsChina  https://t.co/zJiaq1SlYj",2
258,258,https://twitter.com/TGTM_Official/status/1509917251281035271,2022-04-01,1500639956737597442,29,321,840,China official: There is no upper limit in Russia-China relationship and it is not targeting any third party. China netizen: bLamE thE WeSt  @milesyu10 @StephenMcDonell @JeffreyGoldberg @evadou  #å¤§ç¿»è¯‘è¿åŠ¨ #TheGreatTranslationMovement  https://t.co/zr9YK0YIeU,2
259,259,https://twitter.com/TGTM_Official/status/1509962549705560064,2022-04-01,1500639956737597442,25,338,898,A leaked memo from the National Bureau of Statistics of China indicates that the official economic stats of Jan and Feb are so fake and distorted that the Bureau has to ask its subsidiaries to re-examine and provide numbers more sensible. #TheGreatTranslationMovement #å¤§ç¿»è­¯é‹å‹•  https://t.co/y2yi4J1Q40,2
260,260,https://twitter.com/TGTM_Official/status/1509967552629415936,2022-04-01,1500639956737597442,2,107,354,Un memo filtrado del Instituto Nacional de EstadÃ­sticas de China indica que las estadÃ­sticas econÃ³micas oficiales de enero y feb son tan falsas que el Instituto tiene que pedir a sus subsidiarias que las reexaminan y producen nÃºmeros mÃ¡s sensatos. #LaGranTraducciÃ³n #å¤§ç¿»è­¯é‹å‹•  https://t.co/T4nLJoGKrJ,6
261,261,https://twitter.com/TGTM_Official/status/1509967849829412875,2022-04-01,1500639956737597442,1,85,314,Un memo de l'Institut national des statistiques de Chine indique que les stats Ã©conomiques officielles pour janv. et fÃ©vr. sont si fausses que l'Institut doit demander Ã  ses affiliÃ©s de les rÃ©examiner et de fournir des chiffres plus raisonnables.#LaGrandeTraduction #å¤§ç¿»è­¯é‹å‹•  https://t.co/irOtvQDx4g,6
262,262,https://twitter.com/TGTM_Official/status/1510007848125845509,2022-04-01,1500639956737597442,41,382,1051,"""Compassionate"" Chinese netizens expressed their true emotion to the South Korean Air Force pilots killed in an accident. #å¤§ç¿»è¯‘è¿åŠ¨ #TheGreatTranslationMovement  https://t.co/3KNfkQENcy",2
263,263,https://twitter.com/TGTM_Official/status/1510053146785103873,2022-04-02,1500639956737597442,240,1459,4235,I am confused. The validity of the Sino-British Joint Declaration seems under quantum state. #TheGreatTranslationMovement #å¤§ç¿»è¯‘è¿åŠ¨ #HongKong #China #UK  https://t.co/3y3uowSCdi,2
264,264,https://twitter.com/TGTM_Official/status/1510572826625036297,2022-04-03,1500639956737597442,616,3385,11245, https://t.co/Vn9v5lLrvD,6
265,265,https://twitter.com/TGTM_Official/status/1510648320598937606,2022-04-03,1500639956737597442,99,715,2100,"Chinese state media deliberately ignores comments for help on lockdown survival issues in Shanghai, only focuses on the imaginary enemy America behind the #RussiaUkraineWar.   #å¤§ç¿»è¯‘è¿åŠ¨ #thegreattranslationmovement  https://t.co/4QM2OJZN2r",2
266,266,https://twitter.com/TGTM_Official/status/1510703683163635717,2022-04-03,1500639956737597442,33,604,1775,#TheGreatTranslationMovement  #å¤§ç¿»è¯‘è¿åŠ¨,6
267,267,https://twitter.com/TGTM_Official/status/1510749484900229120,2022-04-03,1500639956737597442,71,603,1675,Breaking news on China state media: Russia media says US military is using people in Ukraine for vivi studies. Can someone from Ukraine help to confirm this?  #å¤§ç¿»è¯‘è¿åŠ¨ #TheGreatTranslationMovement  https://t.co/RsjJneLN9A,2
268,268,https://twitter.com/TGTM_Official/status/1510784969081298948,2022-04-04,1500639956737597442,35,415,1427,ì¤‘êµ­ì˜ ê´€ì˜ ë§¤ì²´ëŠ” ì¤‘êµ­ ë²½ë‚´ ì¸í„°ë„·ì—ë§Œ ê²€ìƒ‰í•  ìˆ˜ ìˆëŠ” ê°€ì§œë‰´ìŠ¤ë¥¼ ì „íŒŒí•˜ëŠ”ë‹¤.   @hwasoplim @PHancocksCNN @joshjonsmith   #å¤§ç¿»è¯‘è¿åŠ¨ #TheGreatTranslationMovement #ëŒ€ë²ˆì—­ìš´ë™  https://t.co/tbdzHgMpSL,6
269,269,https://twitter.com/TGTM_Official/status/1510834545410596865,2022-04-04,1500639956737597442,53,466,1493,"@JackPosobiec @serpentza @marcorubio @sjoerddendaas Meanwhile, China official urged US to conditionally revoke visa restriction to CCP members and their families.  Why are they going to the No.1 worst place on earth? ğŸ˜…  #TheGreatTranslationMovement #å¤§ç¿»è¯‘è¿åŠ¨  https://t.co/MOvkEWAYXj",2
270,270,https://twitter.com/TGTM_Official/status/1510882863985709059,2022-04-04,1500639956737597442,6,143,413,#å¤§ç¿»è¯‘è¿åŠ¨ #thegreattranslationmovement,6
271,271,https://twitter.com/TGTM_Official/status/1510903262530007041,2022-04-04,1500639956737597442,3,41,264,ã‚ã‚ŠãŒã¨ã†ã”ã–ã„ã¾ã™ï¼ #å¤§ç¿»è¯‘è¿åŠ¨  #å¤§ç¿»è¨³é‹å‹•,4
272,272,https://twitter.com/TGTM_Official/status/1510917257089601539,2022-04-04,1500639956737597442,132,1121,2568,"The slanderous lies of influential Chinese bloggers: ""UKRAINIAN NAZIS ARE GENOCIDING PRO-RUSSIAN CIVILIANS"" #BuchaMassacre   @ArthurKei_UA @max_katz @maxseddon  #å¤§ç¿»è¯‘è¿åŠ¨ #TheGreatTranslationMovement   FC:  https://t.co/9kF9gEJVcf  https://t.co/Su4hjQniVH",2
273,273,https://twitter.com/TGTM_Official/status/1510935216344379405,2022-04-04,1500639956737597442,138,906,1853,"Today, April 4th, is the #WorldStrayAnimalsDay We found this video circulating on Weibo of stray cats squeezed in bags. The OP of this video claimed these cats are gathered to be culled.  #WWF @peta @Number10cat @dodo   #å¤§ç¿»è¯‘è¿åŠ¨ #TheGreatTranslationMovement  https://t.co/nxezKpd0BX",2
274,274,https://twitter.com/TGTM_Official/status/1510964969210142730,2022-04-04,1500639956737597442,23,158,437,"There are other discussions on Weibo claiming these stray cats were sold as food.  Regardless, stray cats are already living in tough conditions, what is wrong with them just being alive? #WorldStrayAnimalsDay @peta @Number10cat @dodo  #å¤§ç¿»è¯‘è¿åŠ¨ #TheGreatTranslationMovement  https://t.co/eFopFy2t8v",2
275,275,https://twitter.com/TGTM_Official/status/1510988560421302273,2022-04-04,1500639956737597442,21,239,743,ëˆ„ê°€ ì½”ë¡œë‚˜ì— ê±¸ë ¸ë‹¤ê³ ?ì¤‘êµ­ì¸ì´ì•¼?ì•„ë‹ˆë‹¤ê³ ?ì•„ë‹ˆë¼ë©´ ì°¸ ê³ ì†Œí•˜ë‹¤! Someone has #COVID? Is it Chinese? no? Then let's start gloating! #ëŒ€ë²ˆì—­ìš´ë™ #TheGreatTranslationMovement #å¤§ç¿»è¯‘è¿åŠ¨  https://t.co/rvqxPFanGU,6
276,276,https://twitter.com/TGTM_Official/status/1511033858799587336,2022-04-04,1500639956737597442,22,274,711,ã€Protest erupted in #London city center demanding Johnson to step downã€‘Some Chinese netizens took the chance to show contempt for #UK's sanctions on #Russia. Disgusting Schadenfreude alertâš ï¸ #TheGreatTranslationMovement #å¤§ç¿»è¯‘è¿åŠ¨ #UkraineRussiaWar  https://t.co/iS7JJt3FLs,2
277,277,https://twitter.com/TGTM_Official/status/1511063556371800067,2022-04-04,1500639956737597442,161,1403,3603,"A Lecturer at Fudan University, Weibo OP specializing in the Russian-Ukrainian conflict with over 1.7M subscribers justifying a potential massacres of Ukrainian civilians by the Russian military.  #TheGreatTranslationMovement #å¤§ç¿»è¯‘è¿åŠ¨ #UkraineRussiaWar  https://t.co/IztM8bWUiT",2
278,278,https://twitter.com/TGTM_Official/status/1511108852791578624,2022-04-04,1500639956737597442,30,260,694,"ã€A top comment expressing nostalgia for the Soviet Union received 11k likes on Chinese young people Youtube (Bilibili)ã€‘For reference, as of October 2021, almost 75 percent of Bilibili's users are below 24 years old. #TheGreatTranslationMovement #å¤§ç¿»è¯‘è¿åŠ¨ #UkraineRussiaWar  https://t.co/n8JDT0NFBs",2
279,279,https://twitter.com/TGTM_Official/status/1511119382893989888,2022-04-04,1500639956737597442,0,1,14,@LindaTangUSA @Bt3Usn @DrLiMengYAN1 Thank you for the correction!,2
280,280,https://twitter.com/TGTM_Official/status/1511153558221213698,2022-04-05,1500639956737597442,194,706,3837,æ¥è‡ª #å¤§ç¿»è¯‘è¿åŠ¨ è´¡çŒ®è€…çš„å®£è¨€çš„æ±‡é›†  Messages from the contributors of #TheGreatTranslationMovement  https://t.co/z0lYvC6hgK,1
281,281,https://twitter.com/TGTM_Official/status/1511179728614420485,2022-04-05,1500639956737597442,49,212,852,We are glad that some pro-Ukraine voices are found before they get censored in China.  #å¤§ç¿»è¯‘è¿åŠ¨ #TheGreatTranslationMovement,2
282,282,https://twitter.com/TGTM_Official/status/1511199449741238272,2022-04-05,1500639956737597442,40,386,1086,"ã€Do you want to picture a ğ”ğ­ğ¨ğ©ğ¢ğš where China is the **ONLY** country in the world?ã€‘Well, If you really want to, no judgment here, this top comment on Bilibili (Chinese Youtube for young people) and its replies might help. #TheGreatTranslationMovement #å¤§ç¿»è¯‘è¿åŠ¨  https://t.co/VXTddVF1kF",2
283,283,https://twitter.com/TGTM_Official/status/1511230739555106816,2022-04-05,1500639956737597442,61,206,595,Facebook posts from Malaysian Chinese  #TheGreatTranslationMovement #å¤§ç¿»è¯‘è¿åŠ¨,2
284,284,https://twitter.com/TGTM_Official/status/1511244748438204417,2022-04-05,1500639956737597442,25,167,583,A Chinese netizen posted her/his prediction of 2022 World Cup to show support for Ukraine. Here are the comments she/he got. #TheGreatTranslationMovement #å¤§ç¿»è¯‘è¿åŠ¨ #UkraineRussiaWar  https://t.co/wQLi9mZxt3,2
285,285,https://twitter.com/TGTM_Official/status/1511290049358295044,2022-04-05,1500639956737597442,48,502,1314,ã€Sacramento mass shootingã€‘Top comments on Chinese state media People's Daily Overseas Edition (äººæ°‘æ—¥æŠ¥æµ·å¤–ç½‘) are filled with Chinese nationalists spewing out #antiUS hatred on innocent gun violence victims. #TheGreatTranslationMovement #å¤§ç¿»è¯‘è¿åŠ¨ #ThisIsChina #ChinaExposed  https://t.co/sFtwVnhUYc,2
286,286,https://twitter.com/TGTM_Official/status/1511295080056901638,2022-04-05,1500639956737597442,15,107,420,"To date, Shanghai CDC still insists on separating kids who tested positive if their parents tested negative. We don't understand this inhumane #COVID19 policy.  #å¤§ç¿»è¯‘è¿åŠ¨ #TheGreatTranslationMovement",2
287,287,https://twitter.com/TGTM_Official/status/1511338868439539712,2022-04-05,1500639956737597442,18,204,566,The legendary #Wumao makes an appearance on TV  #TheGreatTranslationMovement #å¤§ç¿»è¯‘è¿åŠ¨  https://t.co/h97RzzUM8h,2
288,288,https://twitter.com/TGTM_Official/status/1511378882200489986,2022-04-05,1500639956737597442,46,223,982,CCP should really hire us (2nd warning)  #å¤§ç¿»è¯‘è¿åŠ¨ #TheGreatTranslationMovement  https://t.co/tnMDfFu6Zm,2
289,289,https://twitter.com/TGTM_Official/status/1511425944531046400,2022-04-05,1500639956737597442,48,407,1204,Z is the new symbol.  #å¤§ç¿»è¯‘è¿åŠ¨ #TheGreatTranslationMovement  #RussiaUkraineWar #BuchaMasacre  https://t.co/SP1k39970h,2
290,290,https://twitter.com/TGTM_Official/status/1511448595693772808,2022-04-05,1500639956737597442,25,226,679,"1.35 million! China State media CCTV posted unverified covid daily infection statistics in US, and forced to issued correction after facing outcry. #COVID19 #chinacovid  #TheGreatTranslationMovement  https://t.co/KcOEkCmtwT",2
291,291,https://twitter.com/TGTM_Official/status/1511463692537249795,2022-04-05,1500639956737597442,62,607,1545,#Chinazi cheering over a Ukrainian helicopter allegedly downed by a Russia-confiscated US-made Stinger missile. Are #Chinazi too brainwashed to realize they are on the wrong side of history? Or they are just outright evil?#TheGreatTranslationMovement #å¤§ç¿»è¯‘è¿åŠ¨ #UkraineRussiaWar  https://t.co/hsqeJ7N9H9,2
